run_id,seed,group,epoch,target,epoch_only,train_loss_accuracy,probe_nuisance,all_nuisance,evaluation_accuracy_control,behavioral_raw_logits,behavioral_class_centered,behavioral_scale_normalized,behavioral_probabilities
run-ef7523a1358a,881886696,run-ef7523a1358a/seed-881886696,5,0.0,0.4848110249128095,-0.05864981894773791,-0.12334751010738676,-0.1759592979630571,-0.12269381725830764,-0.11356630704732484,-0.11397254869106965,-0.5517968841635283,0.17614166427409528
run-ef7523a1358a,881886696,run-ef7523a1358a/seed-881886696,10,0.0,0.49441695447001965,0.1626857743119653,0.15672095576900325,0.15893196627878725,0.28756753090898646,0.08332552898533718,0.08346697615392917,0.08371258977708307,0.10156705296019741
run-ef7523a1358a,881886696,run-ef7523a1358a/seed-881886696,15,0.4794921875,0.50402288402723,0.40406201215615295,0.2910401216586237,0.27009888053388553,0.35419601523470445,0.3236295604993248,0.32361549191467187,0.37019518601006207,0.4130497454947961
run-ef7523a1358a,881886696,run-ef7523a1358a/seed-881886696,20,0.77086796875,0.5136288135844401,0.6064522668539584,0.30966925322000655,0.25045398258061974,0.45087819887329994,0.4037744652483361,0.4035952031156897,0.5846366389719166,0.5718274549099595
run-ef7523a1358a,881886696,run-ef7523a1358a/seed-881886696,25,0.959284375,0.5232347431416504,0.6976764170679101,0.6660008923657945,0.6602389512926963,0.5350852620423989,0.639028618205443,0.6391318611470647,0.8689348153062914,0.8871293006401323
run-ef7523a1358a,881886696,run-ef7523a1358a/seed-881886696,30,0.8774074218749999,0.5328406726988606,0.7215697089713987,0.5960776946930465,0.5714479042670617,0.5682577414726502,0.5999687910169946,0.5999900204955388,0.7529454002084747,0.7926361873312807
run-ef7523a1358a,881886696,run-ef7523a1358a/seed-881886696,35,0.8854361328124998,0.5424466022560708,0.7241719912512865,0.5992108341849748,0.5739568236724739,0.5767635054291248,0.5911125259495941,0.5911373836105629,0.7515895232086867,0.7905402952254396
run-ef7523a1358a,881886696,run-ef7523a1358a/seed-881886696,40,0.9044949218749998,0.5520525318132811,0.7252040333383103,0.6225489546986539,0.5993041998278308,0.5781811327552038,0.6040383752324645,0.604056035509873,0.7666317023090363,0.8073717738734923
run-ef7523a1358a,881886696,run-ef7523a1358a/seed-881886696,45,0.921603515625,0.5616584613704914,0.7253305743345019,0.6283009187041657,0.6041761449472539,0.5793152346160669,0.6086793642625979,0.6086961422724002,0.7669382016172839,0.8192852003677272
run-ef7523a1358a,881886696,run-ef7523a1358a/seed-881886696,50,0.9301166015625,0.5712643909277015,0.7254815124240401,0.6297362832860638,0.6073422622963321,0.584135167524736,0.6105581800128244,0.6105720145021187,0.7742207684329094,0.8164510344504724
run-ef7523a1358a,881886696,run-ef7523a1358a/seed-881886696,55,0.9463722656249998,0.5808703204849117,0.7255245513932694,0.6337039597100036,0.6110516809188979,0.5852692693855994,0.6160834524393156,0.6160958295993232,0.7801543531653193,0.8267023691400052
run-ef7523a1358a,881886696,run-ef7523a1358a/seed-881886696,60,0.9544585937499999,0.590476250042122,0.7256594116629422,0.6402772543350209,0.6185465220406393,0.5855527948508152,0.6188880862140169,0.6189103364227029,0.7834040002866343,0.8302435464265014
run-ef7523a1358a,881886696,run-ef7523a1358a/seed-881886696,65,0.9577150390625,0.6000821795993322,0.7257011514075439,0.6447886941299802,0.6248724594562817,0.5832845911290886,0.62969753961072,0.6297192287407337,0.7934233067940661,0.8381298994072278
run-ef7523a1358a,881886696,run-ef7523a1358a/seed-881886696,70,0.9667539062499999,0.6096881091565425,0.7257205062175816,0.64688010512041,0.6278870192031567,0.5832845911290886,0.631337000311105,0.6313609183520051,0.7974381784687538,0.8425447355927687
run-ef7523a1358a,881886696,run-ef7523a1358a/seed-881886696,75,0.9751185546874999,0.6192940387137527,0.7257317689841478,0.6532267896703585,0.6361120427789168,0.5844186929899517,0.640586031839094,0.6406112204342066,0.7990751479739887,0.8527624150119998
run-ef7523a1358a,881886696,run-ef7523a1358a/seed-881886696,80,0.9874490234375,0.628899968270963,0.72573997223448,0.6506455764867505,0.6348415696607603,0.5812999128725778,0.6509827122287424,0.6510085204066205,0.8089162386156474,0.8574361408911241
run-ef7523a1358a,881886696,run-ef7523a1358a/seed-881886696,85,0.9871068359374997,0.6385058978281731,0.7257819298235038,0.6544229924449053,0.6411369775375989,0.5855527948508152,0.6510170365502712,0.6510410429350765,0.808577835067313,0.8607193168266928
run-ef7523a1358a,881886696,run-ef7523a1358a/seed-881886696,90,0.9922146484375001,0.6481118273853834,0.7258040895657185,0.6525748343276692,0.641479211796222,0.5881045240377577,0.6569888487067275,0.6570075016401574,0.8205995510775314,0.8639434831106594
run-ef7523a1358a,881886696,run-ef7523a1358a/seed-881886696,95,0.9959109374999999,0.6577177569425936,0.7258235181637621,0.6551980802952353,0.6453424312803763,0.5861198457812469,0.6579335358543329,0.6579614216872203,0.8214238254608454,0.8658751460695459
run-ef7523a1358a,881886696,run-ef7523a1358a/seed-881886696,100,1.0022628906249997,0.6673236864998039,0.7258428143138789,0.6608167918323476,0.6532603525824985,0.5861198457812469,0.6612602928062866,0.6612865450463691,0.8253668058821431,0.8699880161570688
run-ef7523a1358a,881886696,run-ef7523a1358a/seed-881886696,105,1.0048066406249998,0.6769296160570141,0.7258393626406368,0.6611911989335834,0.656090517029717,0.5844186929899517,0.6703287829434904,0.6703511286418928,0.8341356203866223,0.8788733496771982
run-ef7523a1358a,881886696,run-ef7523a1358a/seed-881886696,110,1.01142578125,0.6865355456142244,0.7258604347044229,0.6655868669708397,0.6629228913044218,0.5866868967116784,0.6760744578347585,0.6761051176494771,0.8368073385710064,0.8842284879608304
run-ef7523a1358a,881886696,run-ef7523a1358a/seed-881886696,115,1.0156802734375001,0.6961414751714345,0.7258602384715505,0.6619082853052567,0.6604378192237484,0.5838516420595202,0.6781274966645711,0.6781514359297404,0.8351170120107312,0.881766033902464
run-ef7523a1358a,881886696,run-ef7523a1358a/seed-881886696,120,1.016878125,0.7057474047286448,0.7258453708984749,0.6484611282309012,0.6462088612801266,0.5875374731073258,0.680914032477864,0.6809306801730489,0.8270562270007522,0.8814528645009883
run-ef7523a1358a,881886696,run-ef7523a1358a/seed-881886696,125,1.0156171875,0.715353334285855,0.7258416492661018,0.6603508899549692,0.6615387608889616,0.5832845911290886,0.6807856567714635,0.68081420569173,0.8397113509496008,0.8854940045605253
run-ef7523a1358a,881886696,run-ef7523a1358a/seed-881886696,130,1.0164076171875,0.7249592638430653,0.7258914618507694,0.6638220072675844,0.6666010464290762,0.58725394764211,0.6895463267917058,0.6895842298832121,0.8470397976240689,0.8925518915574255
run-ef7523a1358a,881886696,run-ef7523a1358a/seed-881886696,135,1.02045234375,0.7345651934002755,0.7258649594837343,0.6658821330625033,0.669089152871553,0.5835681165943044,0.6924277847900648,0.6924630854129724,0.8480611814072723,0.8952070415884718
run-ef7523a1358a,881886696,run-ef7523a1358a/seed-881886696,140,1.0201023437499999,0.7441711229574858,0.7258695333521377,0.6668903395813336,0.6720721323240447,0.58725394764211,0.6965949283330017,0.6966294844843451,0.8525155461192171,0.897184716672537
run-ef7523a1358a,881886696,run-ef7523a1358a/seed-881886696,145,1.0192083984375,0.753777052514696,0.7258949529805268,0.6689455651134526,0.6748385139300858,0.5881045240377577,0.6968089967919004,0.6968426673183076,0.8516334316586566,0.8989716549122448
run-ef7523a1358a,881886696,run-ef7523a1358a/seed-881886696,150,1.02259296875,0.7633829820719062,0.7258696958092449,0.6655662927019724,0.6711617682991161,0.5852692693855994,0.7012437360428373,0.7012772114398376,0.8550290795278601,0.9003429485542545
run-ef7523a1358a,881886696,run-ef7523a1358a/seed-881886696,155,1.0237953125,0.7729889116291164,0.7258981590230685,0.6725097588983633,0.6793566504201518,0.5827175401986571,0.7048172614926053,0.7048540359261334,0.8611553201548783,0.9012737446396439
run-ef7523a1358a,881886696,run-ef7523a1358a/seed-881886696,160,1.0240607421875,0.7825948411863266,0.7258951978085125,0.6634593832277038,0.6675185935312807,0.5861198457812469,0.6989633527782135,0.6989962728129909,0.8532293801957659,0.8992089628932922
run-ef7523a1358a,881886696,run-ef7523a1358a/seed-881886696,165,1.022173046875,0.7922007707435369,0.7258905828781647,0.666296580226545,0.6704111183122403,0.58725394764211,0.7036929513139183,0.7037329022695195,0.8561084646953301,0.9018083141504357
run-ef7523a1358a,881886696,run-ef7523a1358a/seed-881886696,170,1.0272160156249999,0.8018067003007472,0.7259023683355,0.6659505845963607,0.6684579003794154,0.5858363203160311,0.7042038158841657,0.7042451609809016,0.8607109778215621,0.9037667037925052
run-ef7523a1358a,881886696,run-ef7523a1358a/seed-881886696,175,1.029050390625,0.8114126298579574,0.7258993077078149,0.6711729103889287,0.6723801947308381,0.5855527948508152,0.7048032305446705,0.7048456795289217,0.8609353840651301,0.9058014366179192
run-ef7523a1358a,881886696,run-ef7523a1358a/seed-881886696,180,1.0242847656249998,0.8210185594151675,0.7258913013695752,0.6700397780909604,0.6697760493773448,0.5855527948508152,0.7041136022277042,0.704159119207516,0.8623045084477843,0.9049761504423908
run-ef7523a1358a,881886696,run-ef7523a1358a/seed-881886696,185,1.025943359375,0.8306244889723778,0.7258922178845293,0.6704563000354096,0.6671788412567662,0.5852692693855994,0.7055462749990532,0.7055979304907676,0.861004183832305,0.9078689294783616
run-ef7523a1358a,881886696,run-ef7523a1358a/seed-881886696,190,1.026095703125,0.840230418529588,0.7258814632363729,0.6660968170401694,0.6596954525324752,0.5864033712464627,0.7023604589757508,0.7023984616306173,0.8556566643284175,0.9031268383053626
run-ef7523a1358a,881886696,run-ef7523a1358a/seed-881886696,195,1.0280371093749998,0.8498363480867983,0.7258777199307028,0.6708129451082672,0.6615821877899604,0.5869704221768942,0.7066706237783592,0.7067306962859954,0.8604613751774249,0.9090210432026047
run-ef7523a1358a,881886696,run-ef7523a1358a/seed-881886696,200,1.0276728515624998,0.8594422776440085,0.7258876792120786,0.6721793748597963,0.6578078321161123,0.5883880495029735,0.6978402921710468,0.6978899328416998,0.8556660054131402,0.9048941133670696
run-ef7523a1358a,1226023601,run-ef7523a1358a/seed-1226023601,5,0.0,0.5071171515032902,-0.06570514875901245,0.043230133983653496,0.009416077192427097,0.01800013130011624,0.09693225500035141,0.09704639536849102,0.07863929588825702,0.02099108676438244
run-ef7523a1358a,1226023601,run-ef7523a1358a/seed-1226023601,10,0.0,0.5172452142353293,-0.07689406621093342,-0.014160464998896005,-0.004336645672058048,0.23830570367312387,-0.008295688570340687,-0.008144973096006924,0.21658592723316994,0.09004053730863737
run-ef7523a1358a,1226023601,run-ef7523a1358a/seed-1226023601,15,0.0,0.5273732769673685,0.2754906841923341,0.3878587501073747,0.2926935989704284,0.5122332982540277,0.22372388591597409,0.22437237088506057,0.2900882525096391,0.14471016233887113
run-ef7523a1358a,1226023601,run-ef7523a1358a/seed-1226023601,20,0.5251665039062499,0.5375013396994077,0.5945995473224743,0.6046008197086887,0.6084690264992869,0.6096129140561034,0.49699472421125435,0.4973966852122089,0.5963996864672744,0.5994047266689079
run-ef7523a1358a,1226023601,run-ef7523a1358a/seed-1226023601,25,0.70614833984375,0.5476294024314469,0.7079105835919653,0.6082717181823055,0.6305638848496202,0.5883664524265597,0.696456310825907,0.696566272322827,0.6567063527987904,0.7636279774993003
run-ef7523a1358a,1226023601,run-ef7523a1358a/seed-1226023601,30,0.49762880859375014,0.557757465163486,0.7574328811482199,0.6734573515800371,0.6611846471391845,0.7398739585705683,0.6662169116273289,0.6663675048599154,0.7007718620156863,0.6424009097288946
run-ef7523a1358a,1226023601,run-ef7523a1358a/seed-1226023601,35,0.51180732421875,0.5678855278955252,0.7576507054631682,0.6813598244976404,0.6643093501358551,0.7461973102460279,0.6604961491152543,0.6605901252687066,0.6922771860393667,0.6443514864402544
run-ef7523a1358a,1226023601,run-ef7523a1358a/seed-1226023601,40,0.5335458007812501,0.5780135906275643,0.7590211858848774,0.6896812310504585,0.6709078703723712,0.7439209036428625,0.6640876622496306,0.6641932764791656,0.7041167808658402,0.6612348658948866
run-ef7523a1358a,1226023601,run-ef7523a1358a/seed-1226023601,45,0.54155322265625,0.5881416533596036,0.7593932746445445,0.6997987427465454,0.6783268778228437,0.7467031783800646,0.6800676780096461,0.6801686091400934,0.7066784655608099,0.6729698397819782
run-ef7523a1358a,1226023601,run-ef7523a1358a/seed-1226023601,50,0.5493405273437497,0.5982697160916427,0.7595375741878322,0.7076106267996971,0.6878705667734107,0.7525206619214873,0.6893835422000383,0.6894948860534851,0.7175022483041028,0.6810121283314315
run-ef7523a1358a,1226023601,run-ef7523a1358a/seed-1226023601,55,0.5638944335937499,0.6083977788236818,0.7596458688479097,0.710340601499173,0.6884999265543018,0.7553029366586894,0.6964287269554889,0.6965547000251632,0.7253538985386955,0.6944633069222812
run-ef7523a1358a,1226023601,run-ef7523a1358a/seed-1226023601,60,0.5754793945312497,0.618525841555721,0.759778860507712,0.7153223329180721,0.6938050352185909,0.7535323981895606,0.7010144418610019,0.7011331100360136,0.7332281656863936,0.7049341497943776
run-ef7523a1358a,1226023601,run-ef7523a1358a/seed-1226023601,65,0.5902372070312498,0.6286539042877602,0.7598528255869569,0.7223531894643452,0.7012813802139353,0.7507501234523585,0.7104638753808133,0.710598985514667,0.740461734238629,0.7160029669784854
run-ef7523a1358a,1226023601,run-ef7523a1358a/seed-1226023601,70,0.5917555664062497,0.6387819670197994,0.7598953577654084,0.726754027611417,0.7066344281803768,0.7580852113958915,0.7110731029171355,0.7112157243989956,0.7422611775137319,0.7225819859464355
run-ef7523a1358a,1226023601,run-ef7523a1358a/seed-1226023601,75,0.6013897460937498,0.6489100297518385,0.7599410843061757,0.729267781020297,0.7108778742004499,0.755808804792726,0.7206057176542757,0.7207337758851743,0.7486043659717535,0.7278998560786162
run-ef7523a1358a,1226023601,run-ef7523a1358a/seed-1226023601,80,0.5989553710937499,0.6590380924838777,0.7597029171618284,0.7265364789444371,0.7114367900078513,0.7553029366586894,0.7258845432771667,0.7260344062160946,0.7541307187839235,0.7270757828622753
run-ef7523a1358a,1226023601,run-ef7523a1358a/seed-1226023601,85,0.6266848632812498,0.6691661552159169,0.7586324074852657,0.728611881037817,0.7187459331447883,0.7408856948386418,0.7402932849716688,0.7404556566526227,0.7795423871746776,0.7327731966612239
run-ef7523a1358a,1226023601,run-ef7523a1358a/seed-1226023601,90,0.61544150390625,0.6792942179479561,0.7606290696190737,0.72414454352822,0.7130071231470171,0.7507501234523585,0.7223247684984112,0.7224737001809115,0.7577313251709746,0.728943183220237
run-ef7523a1358a,1226023601,run-ef7523a1358a/seed-1226023601,95,0.6108696289062501,0.6894222806799952,0.7600130980503874,0.7265684157083089,0.7192909514175323,0.7535323981895606,0.7285447706409842,0.7287116339344168,0.7581956056197322,0.7258719576655946
run-ef7523a1358a,1226023601,run-ef7523a1358a/seed-1226023601,100,0.6186163085937497,0.6995503434120344,0.7600351880967651,0.7278988407273946,0.721384676734231,0.7542912003906159,0.7381243297629773,0.7382687240606246,0.767200897044566,0.7361231606504595
run-ef7523a1358a,1226023601,run-ef7523a1358a/seed-1226023601,105,0.6240739257812498,0.7096784061440736,0.7600045004124121,0.732861141890323,0.7297950871889696,0.7560617388597444,0.7434263028485121,0.7435987989618019,0.776573083591022,0.7441000087304882
run-ef7523a1358a,1226023601,run-ef7523a1358a/seed-1226023601,110,0.62854013671875,0.7198064688761128,0.76002533380268,0.7330297191659672,0.7314260397813575,0.7545441344576344,0.751282952476035,0.7514398245848066,0.7815049635857116,0.7528350692832623
run-ef7523a1358a,1226023601,run-ef7523a1358a/seed-1226023601,115,0.62696533203125,0.7299345316081519,0.7601230239310858,0.7347390520346103,0.737005227950558,0.7535323981895606,0.7480424234585789,0.7482138964946957,0.7797325253916247,0.7476513115028455
run-ef7523a1358a,1226023601,run-ef7523a1358a/seed-1226023601,120,0.6294116210937497,0.7400625943401911,0.7601240870448087,0.7371440044762726,0.740675941471294,0.7570734751278181,0.751812888128156,0.7519906315230617,0.7818584082085389,0.7531231096773265
run-ef7523a1358a,1226023601,run-ef7523a1358a/seed-1226023601,125,0.63463837890625,0.7501906570722303,0.7600859211773833,0.7360204185607592,0.7426267792223079,0.755050002591671,0.7598661823001687,0.7600389959848912,0.7897661288154372,0.7577338848612799
run-ef7523a1358a,1226023601,run-ef7523a1358a/seed-1226023601,130,0.6353860351562497,0.7603187198042695,0.7601302114745299,0.7391214010075765,0.7465316976573084,0.7553029366586894,0.7607111330296585,0.7608918260830225,0.7905484411955264,0.7620250443315498
run-ef7523a1358a,1226023601,run-ef7523a1358a/seed-1226023601,135,0.6374801757812498,0.7704467825363086,0.7601282970481864,0.7369865243041075,0.7476028301159947,0.7573264091948364,0.7640543687121932,0.7642341425257886,0.800537495655218,0.7644796517972563
run-ef7523a1358a,1226023601,run-ef7523a1358a/seed-1226023601,140,0.6386172851562499,0.7805748452683478,0.7601361470569625,0.7418284792289408,0.7542690696240485,0.7583381454629099,0.7670363382663864,0.7672149156989637,0.8022733494324599,0.7683993713123094
run-ef7523a1358a,1226023601,run-ef7523a1358a/seed-1226023601,145,0.6365256835937501,0.790702908000387,0.7601346471686757,0.7375878349630165,0.7516367956860115,0.755808804792726,0.7657680164615484,0.7659428354308303,0.7946583148818792,0.7634737005022558
run-ef7523a1358a,1226023601,run-ef7523a1358a/seed-1226023601,150,0.64124580078125,0.8008309707324262,0.7601557059888733,0.7403642922592849,0.753367984528046,0.7621321564681857,0.7702317860617445,0.7704250908849362,0.802888976754735,0.7699602717879385
run-ef7523a1358a,1226023601,run-ef7523a1358a/seed-1226023601,155,0.6413475585937498,0.8109590334644653,0.7601399434352195,0.7433092225003839,0.7572562189978971,0.7578322773288731,0.7712570360223736,0.7714478611652175,0.8065162621051221,0.7727549173999575
run-ef7523a1358a,1226023601,run-ef7523a1358a/seed-1226023601,160,0.64179990234375,0.8210870961965044,0.7601302876394582,0.7427267698155173,0.7561344938342068,0.7565676069937814,0.7730944099108304,0.7732888643972203,0.8101203550653414,0.7727011799359949
run-ef7523a1358a,1226023601,run-ef7523a1358a/seed-1226023601,165,0.64288935546875,0.8312151589285437,0.7601384906283353,0.7443064408127765,0.7583621248232972,0.7606145520660753,0.7725259737377295,0.7727137986096052,0.8075035104101744,0.7756428965525116
run-ef7523a1358a,1226023601,run-ef7523a1358a/seed-1226023601,170,0.6443893554687501,0.8413432216605828,0.7601695647453645,0.7439215809082533,0.7573501082087356,0.7585910795299282,0.7737596691596522,0.7739467396170171,0.8086595240613541,0.7758416885497742
run-ef7523a1358a,1226023601,run-ef7523a1358a/seed-1226023601,175,0.6403309570312501,0.851471284392622,0.7601513540891904,0.740386020855755,0.7521981586896826,0.7590969476639652,0.7709546262350293,0.7711476217400515,0.8095154663327295,0.7717095957948207
run-ef7523a1358a,1226023601,run-ef7523a1358a/seed-1226023601,180,0.6428758789062499,0.8615993471246611,0.7601469990594423,0.7448337224390801,0.755381456695465,0.7585910795299282,0.7741883794120907,0.7743683820750256,0.8126015416017137,0.7774039784619233
run-ef7523a1358a,1226023601,run-ef7523a1358a/seed-1226023601,185,0.6446668945312497,0.8717274098567003,0.7601728817019142,0.7443031700892786,0.7515401050841212,0.7568205410607998,0.774335377168686,0.7745177962180624,0.8174322566179528,0.7782920960953597
run-ef7523a1358a,1226023601,run-ef7523a1358a/seed-1226023601,190,0.64495048828125,0.8818554725887395,0.760151861811907,0.7422072078624404,0.7467275544844258,0.7568205410607998,0.7719256180766896,0.7721158062761347,0.8125296232037841,0.7769115963487485
run-ef7523a1358a,1226023601,run-ef7523a1358a/seed-1226023601,195,0.6423290039062499,0.8919835353207787,0.7601581010759081,0.740092289826177,0.7408786623641455,0.7601086839320386,0.7682839740341322,0.768466805457273,0.8068724589017802,0.7733273808275075
run-ef7523a1358a,1226023601,run-ef7523a1358a/seed-1226023601,200,0.6439901367187499,0.9021115980528178,0.7601612935471423,0.7445537255373605,0.7415279925098992,0.7580852113958915,0.7685124757939082,0.7686859164918137,0.8077765523314441,0.7751739937664682
run-be83c9d3e5af,3549333581,run-be83c9d3e5af/seed-3549333581,5,0.0,0.5139016620371973,-0.12784222547946544,0.054900785564301224,0.048902526942640856,0.2675351620119572,0.0646165608920396,0.06460020613984141,0.03362373437016586,0.03726445300891157
run-be83c9d3e5af,3549333581,run-be83c9d3e5af/seed-3549333581,10,0.009739257812499957,0.5240596635159862,0.1066325190141928,0.10124843310014031,0.10129086942431353,0.41884281070897134,0.01912679765148262,0.019162980648741,-0.005374566967183747,0.03238288744807505
run-be83c9d3e5af,3549333581,run-be83c9d3e5af/seed-3549333581,15,0.56057763671875,0.534217664994775,0.5524701588447144,0.48966169529617665,0.46391011924684517,0.5545263000296634,0.5171143024385121,0.5170272948305967,0.4283055377280089,0.4147711101747387
run-be83c9d3e5af,3549333581,run-be83c9d3e5af/seed-3549333581,20,0.5283821289062498,0.5443756664735638,0.7078905354348847,0.6137526531377847,0.5965117216816782,0.7052857326082103,0.616877655716348,0.6169982444306311,0.6385242317671708,0.5876995694780365
run-be83c9d3e5af,3549333581,run-be83c9d3e5af/seed-3549333581,25,0.41306396484374996,0.5545336679523527,0.7546520474693369,0.6476449726677767,0.6322351954257713,0.7727163151797056,0.6243686972101824,0.6244565720290369,0.6627045276384262,0.6104851284847177
run-be83c9d3e5af,3549333581,run-be83c9d3e5af/seed-3549333581,30,0.3979522460937499,0.5646916694311415,0.7686062826365678,0.6831086461320927,0.6639608107305439,0.8119137676501277,0.6199147440294551,0.620025488412247,0.658369937326353,0.6205759802230484
run-be83c9d3e5af,3549333581,run-be83c9d3e5af/seed-3549333581,35,0.43484951171874986,0.5748496709099303,0.7678208563837997,0.6962690398388032,0.6766571580330147,0.8108173354131929,0.6164617298236795,0.6165734596914518,0.6594281633250691,0.6302654276823988
run-be83c9d3e5af,3549333581,run-be83c9d3e5af/seed-3549333581,40,0.42858330078124984,0.5850076723887192,0.7695475544749487,0.6884132182206573,0.6699464489430409,0.8121878757093614,0.6239748912543136,0.624089149538119,0.6478473008331866,0.619060409503278
run-be83c9d3e5af,3549333581,run-be83c9d3e5af/seed-3549333581,45,0.44454658203124997,0.595165673867508,0.7693962166882259,0.7017056241590174,0.6834463930248372,0.812736091827829,0.6337754672309559,0.6338913117389713,0.6603206967137172,0.6337869469664159
run-be83c9d3e5af,3549333581,run-be83c9d3e5af/seed-3549333581,50,0.4607989257812499,0.6053236753462968,0.7695892840508448,0.7093013404258921,0.6913270562300199,0.8154771724201663,0.6400905216087488,0.640208983710165,0.6643030721444229,0.6414345366547802
run-be83c9d3e5af,3549333581,run-be83c9d3e5af/seed-3549333581,55,0.4693174804687499,0.6154816768250856,0.7696805182803249,0.7114941611447604,0.6946252839409386,0.8168477127163347,0.642629735529991,0.6427463657348143,0.6686833132877876,0.6465288998857781
run-be83c9d3e5af,3549333581,run-be83c9d3e5af/seed-3549333581,60,0.4784354492187499,0.6256396783038745,0.7697635125147051,0.717952832328066,0.70203491417436,0.8171218207755684,0.6499962240052506,0.6501147588285142,0.6740380580747832,0.652755985178944
run-be83c9d3e5af,3549333581,run-be83c9d3e5af/seed-3549333581,65,0.48471962890624987,0.6357976797826632,0.7697946568672337,0.7218112028686821,0.7071621110464055,0.8187664691309708,0.6563638115383389,0.6564798665335286,0.677455238907567,0.6565853380402001
run-be83c9d3e5af,3549333581,run-be83c9d3e5af/seed-3549333581,70,0.4938264648437498,0.6459556812614521,0.769836484855895,0.7211371954116873,0.7079562982864139,0.8168477127163347,0.6601962335680233,0.6603197467933654,0.6790767753822688,0.659105369430899
run-be83c9d3e5af,3549333581,run-be83c9d3e5af/seed-3549333581,75,0.49947685546874987,0.656113682740241,0.7697874579391056,0.7238833311071533,0.7121062620989518,0.8154771724201663,0.6656532873971678,0.6657747940065768,0.6838744112208134,0.6641527016734908
run-be83c9d3e5af,3549333581,run-be83c9d3e5af/seed-3549333581,80,0.5017776367187499,0.6662716842190297,0.7698346527711546,0.7259180600941557,0.7155486807045514,0.8193146852494383,0.6678752338106196,0.667993571297184,0.6889211009286015,0.6681192818618209
run-be83c9d3e5af,3549333581,run-be83c9d3e5af/seed-3549333581,85,0.50933115234375,0.6764296856978186,0.7698906131300535,0.7305488063115979,0.7219422829876799,0.8182182530125035,0.6773198125460137,0.6774434838711659,0.6961592317840486,0.6744220749364247
run-be83c9d3e5af,3549333581,run-be83c9d3e5af/seed-3549333581,90,0.5155422851562501,0.6865876871766073,0.7699080506788158,0.7319624920155073,0.7247894223568543,0.8176700368940358,0.6834655850697224,0.6835885596734855,0.7000705401672065,0.6789534143313165
run-be83c9d3e5af,3549333581,run-be83c9d3e5af/seed-3549333581,95,0.5158924804687501,0.6967456886553962,0.7699182155835576,0.7312559221220941,0.7262382477327657,0.816573604657101,0.6850436651610536,0.6851668140995137,0.7027167349435194,0.6805269553989705
run-be83c9d3e5af,3549333581,run-be83c9d3e5af/seed-3549333581,100,0.51898525390625,0.7069036901341851,0.7699302265817795,0.7333516665330193,0.7299878514675748,0.8182182530125035,0.6859767648203726,0.6860992970778371,0.7088907001616748,0.6846870310146166
run-be83c9d3e5af,3549333581,run-be83c9d3e5af/seed-3549333581,105,0.52441142578125,0.7170616916129738,0.7699446544956229,0.7374922796792945,0.7358431849533722,0.8160253885386337,0.6970929466265462,0.6972174938759678,0.7139857345754332,0.6905730996178018
run-be83c9d3e5af,3549333581,run-be83c9d3e5af/seed-3549333581,110,0.52409462890625,0.7272196930917627,0.7699649615239036,0.7348130871194445,0.7352088166229174,0.8193146852494383,0.6952555739126309,0.6953775245669835,0.7165753609621945,0.6912430415330635
run-be83c9d3e5af,3549333581,run-be83c9d3e5af/seed-3549333581,115,0.5269118164062498,0.7373776945705516,0.7699617899044312,0.7363111152281853,0.7383332901252241,0.8184923610717372,0.7011780603919828,0.7012994547834701,0.7220343757731301,0.6955472477931971
run-be83c9d3e5af,3549333581,run-be83c9d3e5af/seed-3549333581,120,0.5305620117187497,0.7475356960493403,0.7699603730496165,0.7365421297260553,0.7403541378351981,0.8162994965978674,0.7066695966736287,0.7067931727711956,0.7275574507862829,0.7003303565048483
run-be83c9d3e5af,3549333581,run-be83c9d3e5af/seed-3549333581,125,0.5312075195312498,0.7576936975281292,0.7699796720606704,0.7390139613737365,0.7446308166999486,0.8193146852494383,0.7117976745119509,0.7119227363173168,0.7325763516710434,0.703351788529403
run-be83c9d3e5af,3549333581,run-be83c9d3e5af/seed-3549333581,130,0.5336541992187498,0.767851699006918,0.7699480627675913,0.7383566833073375,0.7456441633626009,0.8193146852494383,0.7122191847704523,0.7123418896343453,0.7346330401079594,0.7045886669946366
run-be83c9d3e5af,3549333581,run-be83c9d3e5af/seed-3549333581,135,0.5344323242187499,0.7780097004857068,0.7699933022243898,0.7406291048282346,0.7494860959307621,0.817395928834802,0.7187602460887045,0.7188900245250264,0.739609677266277,0.707909006667323
run-be83c9d3e5af,3549333581,run-be83c9d3e5af/seed-3549333581,140,0.5366030273437499,0.7881677019644957,0.7699905724922506,0.7407507741115268,0.7510800296275575,0.8201370094271393,0.7202649654247958,0.7203907806378327,0.7424950250061977,0.7097903898963094
run-be83c9d3e5af,3549333581,run-be83c9d3e5af/seed-3549333581,145,0.5383018554687498,0.7983257034432845,0.7699982777751159,0.7401044759913232,0.7520151911974221,0.8179441449532698,0.7229246256606315,0.7230531009645161,0.7435455243895442,0.711014094082814
run-be83c9d3e5af,3549333581,run-be83c9d3e5af/seed-3549333581,150,0.5388844726562501,0.8084837049220733,0.7699978863464472,0.7422079199314732,0.7552774597986504,0.819588793308672,0.7251179103073554,0.7252432383437631,0.7477366371701711,0.7133073426353522
run-be83c9d3e5af,3549333581,run-be83c9d3e5af/seed-3549333581,155,0.5389629882812499,0.8186417064008621,0.7699890957942759,0.7410362415396275,0.7551859879133105,0.8182182530125035,0.7244982302890809,0.7246261872598009,0.7473078556311991,0.7127116267837761
run-be83c9d3e5af,3549333581,run-be83c9d3e5af/seed-3549333581,160,0.5409622070312499,0.828799707879651,0.7699817627630667,0.7429547512193827,0.7581300228680253,0.8201370094271393,0.7300594311656823,0.730186585107975,0.7492865411779528,0.7146820751048655
run-be83c9d3e5af,3549333581,run-be83c9d3e5af/seed-3549333581,165,0.5400139648437499,0.8389577093584397,0.7699938905914575,0.7410151814205825,0.75716926025486,0.8187664691309708,0.7284550576475088,0.7285850468774678,0.7500597092412251,0.7139876123948606
run-be83c9d3e5af,3549333581,run-be83c9d3e5af/seed-3549333581,170,0.54009814453125,0.8491157108372286,0.7699894132350378,0.7423144373550624,0.759345545327251,0.8187664691309708,0.7277992835153595,0.7279272689557958,0.7505044956303994,0.7137521707481669
run-be83c9d3e5af,3549333581,run-be83c9d3e5af/seed-3549333581,175,0.5370469726562499,0.8592737123160175,0.7699898639628378,0.7393697243647973,0.757025612160431,0.8198629013679056,0.7246847350052781,0.724813035558698,0.7473046448787435,0.7096496730858851
run-be83c9d3e5af,3549333581,run-be83c9d3e5af/seed-3549333581,180,0.5374663085937499,0.8694317137948062,0.7699967861843549,0.7392252980760636,0.7572773658760329,0.8198629013679056,0.7246494954350038,0.7247760262884786,0.7439465788929327,0.707661049450128
run-be83c9d3e5af,3549333581,run-be83c9d3e5af/seed-3549333581,185,0.5385178710937497,0.8795897152735951,0.7699969529291595,0.74104040284829,0.7593544411179716,0.8187664691309708,0.7230815956855917,0.7232067645341239,0.7443442545018946,0.7067651242373187
run-be83c9d3e5af,3549333581,run-be83c9d3e5af/seed-3549333581,190,0.54003818359375,0.889747716752384,0.7700023772355815,0.7407900763410256,0.7591897400934332,0.8184923610717372,0.7264816000328976,0.7266102605768429,0.7416154284011478,0.7060434161646523
run-be83c9d3e5af,3549333581,run-be83c9d3e5af/seed-3549333581,195,0.5404135742187499,0.8999057182311727,0.7700013601058736,0.7438245332745769,0.7618513411984396,0.8212334416640744,0.7266049334891054,0.7267303039860467,0.7386001411378799,0.7037297377716659
run-be83c9d3e5af,3549333581,run-be83c9d3e5af/seed-3549333581,200,0.5405276367187497,0.9100637197099616,0.7699801571302838,0.7430464785529124,0.760886498649091,0.8209593336048407,0.7220485864600765,0.7221742172824741,0.7332141429939887,0.6992995769812628
run-be83c9d3e5af,2325060526,run-be83c9d3e5af/seed-2325060526,5,0.0,0.525232306559305,-0.0075463717478807535,0.24729148195444556,0.20373264563150362,-0.39320837365634687,0.3392328168556064,0.339205739825926,0.24839747130344708,0.28905255852631306
run-be83c9d3e5af,2325060526,run-be83c9d3e5af/seed-2325060526,10,0.0,0.5330497636220416,-0.09605544827362889,0.07933727778351896,0.08223453833380545,0.13172474342038065,0.05238113462738381,0.05227587881348461,0.1218978788278462,0.030599432281636085
run-be83c9d3e5af,2325060526,run-be83c9d3e5af/seed-2325060526,15,0.0,0.5408672206847783,0.04851136368976572,0.000523891005833943,-0.006258609266239112,0.3798559884338088,-0.03134517479438492,-0.031137525217378892,0.05795090818544146,-0.003746551274291021
run-be83c9d3e5af,2325060526,run-be83c9d3e5af/seed-2325060526,20,0.0,0.5486846777475151,0.23744442432702573,0.17972745561696601,0.1877205185320654,0.49896941172281806,0.15507062657528692,0.15494827819466206,0.09033654819545778,0.06788764048275664
run-be83c9d3e5af,2325060526,run-be83c9d3e5af/seed-2325060526,25,1.1371216796874999,0.5565021348102517,0.5026484330262311,0.552236004679258,0.5397727624081525,0.3822017670106165,0.7024253573485091,0.702457962554122,0.5419779126016455,0.8522737994807127
run-be83c9d3e5af,2325060526,run-be83c9d3e5af/seed-2325060526,30,1.0566746093750001,0.5643195918729884,0.6589379722361401,0.8267720682322732,0.7878180585307376,0.5391082895926372,1.113452734045011,1.1134206743391708,0.892568073545961,1.127945974157464
run-be83c9d3e5af,2325060526,run-be83c9d3e5af/seed-2325060526,35,0.8327349609374999,0.5721370489357251,0.7038673753818389,0.8628706016633845,0.8394564221706877,0.658742997009826,0.9925254654664903,0.9924927490694477,0.8268605129728974,1.0048014085714532
run-be83c9d3e5af,2325060526,run-be83c9d3e5af/seed-2325060526,40,0.8385121093750001,0.5799545059984618,0.725443675449379,0.9651099884476563,0.9369663574695613,0.6871529819956073,1.1385822741360594,1.138538491682654,0.9171986932744856,1.1361217415415374
run-be83c9d3e5af,2325060526,run-be83c9d3e5af/seed-2325060526,45,0.8540058593750002,0.5877719630611985,0.727512663015948,0.9786883011725331,0.950979850849865,0.6944509597901196,1.1392111093096142,1.1391668236807382,0.918196356571214,1.1491824546112024
run-be83c9d3e5af,2325060526,run-be83c9d3e5af/seed-2325060526,50,0.8720343749999999,0.5955894201239352,0.7278491740359597,0.9933577127885045,0.9652498171094814,0.6923658232774019,1.1583501415154953,1.1583097522700045,0.9311625245683134,1.167797865501378
run-be83c9d3e5af,2325060526,run-be83c9d3e5af/seed-2325060526,55,0.8882238281249999,0.6034068771866719,0.727115929966124,0.9786789695198359,0.9539574676915953,0.6879349081878764,1.1471497513470925,1.147099510390324,0.926172094392163,1.1484805269512228
run-be83c9d3e5af,2325060526,run-be83c9d3e5af/seed-2325060526,60,0.8898734375000001,0.6112243342494086,0.7285062452643353,0.9906181832068113,0.9641097705268633,0.690280686764684,1.1438894267566724,1.143816661983735,0.9343134649854873,1.1607225300019206
run-be83c9d3e5af,2325060526,run-be83c9d3e5af/seed-2325060526,65,0.9116175781250002,0.6190417913121453,0.7288778398145491,0.9902559481402248,0.9642675242555607,0.6871529819956073,1.156616151415146,1.156551312552396,0.9373978576396832,1.1707335877876512
run-be83c9d3e5af,2325060526,run-be83c9d3e5af/seed-2325060526,70,0.9159140625,0.6268592483748819,0.7287581731556237,0.9947870394854987,0.9709832662795663,0.690280686764684,1.154900174696451,1.1548373959113165,0.9384890994620427,1.1742668492781285
run-be83c9d3e5af,2325060526,run-be83c9d3e5af/seed-2325060526,75,0.9418332031250001,0.6346767054376187,0.7292077950535228,1.0145225015011423,0.9906170631369299,0.6905413288287737,1.1728464356677892,1.1727783608793483,0.9643438574995025,1.2037829028639648
run-be83c9d3e5af,2325060526,run-be83c9d3e5af/seed-2325060526,80,0.9321242187500001,0.6424941625003554,0.7290132073875555,1.0067969163662118,0.9846093492441658,0.6999244431360043,1.1673802859838673,1.1673185759879643,0.9506980858609813,1.1924198200912266
run-be83c9d3e5af,2325060526,run-be83c9d3e5af/seed-2325060526,85,0.9346724609374999,0.650311619563092,0.7291125238044314,1.0086935150595169,0.9879260027554865,0.6944509597901196,1.1733195719082115,1.1732627218285554,0.9555185116827284,1.1960260262403581
run-be83c9d3e5af,2325060526,run-be83c9d3e5af/seed-2325060526,90,0.9376978515624999,0.6581290766258288,0.7291691708935161,1.0142780399505988,0.9946709683679311,0.6957541701105684,1.1812967131383791,1.181238251121532,0.9629004078084196,1.2049070124112955
run-be83c9d3e5af,2325060526,run-be83c9d3e5af/seed-2325060526,95,0.9503912109374999,0.6659465336885655,0.7292052604504171,1.0243108289336686,1.0057623565927654,0.6939296756619402,1.1986017985988118,1.1985526269582936,0.975485222687235,1.220672285812153
run-be83c9d3e5af,2325060526,run-be83c9d3e5af/seed-2325060526,100,0.9510156249999999,0.6737639907513021,0.7292193259171263,1.0221357026018922,1.0057096733138506,0.6967967383669272,1.1972674905235834,1.1972157557443504,0.9750727592140227,1.220207706163115
run-be83c9d3e5af,2325060526,run-be83c9d3e5af/seed-2325060526,105,0.9582830078125,0.6815814478140388,0.7292324808935953,1.0276372814152146,1.0124184827781972,0.6936690335978505,1.2077599052208572,1.2077146713641205,0.9828061370120601,1.2285867355396454
run-be83c9d3e5af,2325060526,run-be83c9d3e5af/seed-2325060526,110,0.9651691406250003,0.6893989048767755,0.7292653164707968,1.0179133423896296,1.005693367775924,0.6855891296110687,1.1949945916142264,1.1949433416676554,0.9795915958105448,1.2168740365636375
run-be83c9d3e5af,2325060526,run-be83c9d3e5af/seed-2325060526,115,0.9765035156249999,0.6972163619395122,0.7291589494188653,1.031672466862763,1.0203240467647368,0.6811582145215431,1.2221584028204415,1.2221108092083572,0.9959595726466863,1.2384870094066667
run-be83c9d3e5af,2325060526,run-be83c9d3e5af/seed-2325060526,120,0.9772341796874999,0.7050338190022489,0.7291454486361455,1.0281711659096482,1.0184641066915785,0.6835039930983507,1.2255542617085378,1.2255099507789402,0.9954435430617437,1.23992889873508
run-be83c9d3e5af,2325060526,run-be83c9d3e5af/seed-2325060526,125,0.9764720703125003,0.7128512760649856,0.7291816086660201,1.0320540945927856,1.0239034287909248,0.6861104137392481,1.2261473078781144,1.2261062613982499,1.0008421483736527,1.2441673228538728
run-be83c9d3e5af,2325060526,run-be83c9d3e5af/seed-2325060526,130,0.9837488281250002,0.7206687331277223,0.7292553329769246,1.0381836798420274,1.030951469712964,0.6835039930983507,1.2366454898585115,1.2366025695814273,1.0086866831086456,1.2555361809418824
run-be83c9d3e5af,2325060526,run-be83c9d3e5af/seed-2325060526,135,0.9781359375,0.728486190190459,0.7292524764423959,1.035636050019433,1.030326895360849,0.6868923399315175,1.2318636312850764,1.2318156246434624,1.008033339204928,1.249647929123408
run-be83c9d3e5af,2325060526,run-be83c9d3e5af/seed-2325060526,140,0.9736052734375,0.7363036472531956,0.7292479689370048,1.0276404982455656,1.0238305574889655,0.6881955502519661,1.2226112205669741,1.2225633413666275,1.0035388960856046,1.2396336102989463
run-be83c9d3e5af,2325060526,run-be83c9d3e5af/seed-2325060526,145,0.98252734375,0.7441211043159324,0.7292657880540502,1.0392417666348772,1.0356195014523317,0.6868923399315175,1.2413448707925663,1.241304999975024,1.0175461027342185,1.2577940269591432
run-be83c9d3e5af,2325060526,run-be83c9d3e5af/seed-2325060526,150,0.9887164062500002,0.7519385613786691,0.7293098526952747,1.0426333883983019,1.0399928100443585,0.6858497716751584,1.2505272430539343,1.2504909230784693,1.023515606123126,1.2656163790161234
run-be83c9d3e5af,2325060526,run-be83c9d3e5af/seed-2325060526,155,0.9849941406250002,0.7597560184414057,0.7292523212218139,1.0392127167829246,1.0376947576467188,0.6855891296110687,1.243319226451024,1.2432830411689506,1.0216501810570957,1.2588161903858217
run-be83c9d3e5af,2325060526,run-be83c9d3e5af/seed-2325060526,160,0.9851384765625,0.7675734755041425,0.729323963750796,1.0387586731121332,1.0386984941664652,0.6850678454828892,1.2445774871691209,1.2445355239656384,1.0195917771638594,1.2604622445469584
run-be83c9d3e5af,2325060526,run-be83c9d3e5af/seed-2325060526,165,0.9926630859374999,0.7753909325668792,0.7292907736166291,1.043139457798392,1.0433341186670635,0.6835039930983507,1.2536324037741113,1.253597832690077,1.0253902907787427,1.2698253546535292
run-be83c9d3e5af,2325060526,run-be83c9d3e5af/seed-2325060526,170,0.9904503906250002,0.7832083896296158,0.7292820619739935,1.0412749255752518,1.042234363498304,0.6892381185083248,1.2493289416060396,1.2492883464442055,1.021952141532707,1.2660708124179783
run-be83c9d3e5af,2325060526,run-be83c9d3e5af/seed-2325060526,175,0.98754609375,0.7910258466923525,0.7293157946085952,1.0383204392831904,1.0399982537866022,0.685328487546979,1.2405281723510726,1.2404853126143807,1.0181582235407083,1.2598783183128783
run-be83c9d3e5af,2325060526,run-be83c9d3e5af/seed-2325060526,180,0.9876607421875001,0.7988433037550893,0.7293277782933819,1.0428139679786126,1.0440395789767012,0.6861104137392481,1.2522120976121056,1.2521712286695137,1.0243053962233586,1.2681954304989946
run-be83c9d3e5af,2325060526,run-be83c9d3e5af/seed-2325060526,185,0.9835324218749999,0.8066607608178259,0.7293101921358099,1.0361702809605782,1.0384365472491546,0.685328487546979,1.2414667096197287,1.2414224059839067,1.015701318154663,1.259838714852841
run-be83c9d3e5af,2325060526,run-be83c9d3e5af/seed-2325060526,190,0.9831697265624999,0.8144782178805626,0.7293362457240168,1.0403195357484827,1.0424009674247299,0.6866316978674275,1.244271239721488,1.2442294477975047,1.018067633035621,1.2621057349103944
run-be83c9d3e5af,2325060526,run-be83c9d3e5af/seed-2325060526,195,0.9877675781249999,0.8222956749432994,0.7293014935461063,1.0431178034829074,1.0440918694907668,0.6876742661237867,1.2500792531886304,1.250037028343626,1.0195521191393555,1.2674211272901532
run-be83c9d3e5af,2325060526,run-be83c9d3e5af/seed-2325060526,200,0.9875314453125001,0.830113132006036,0.7293177334512658,1.0389061733341423,1.040061129517743,0.685328487546979,1.2425821353692246,1.2425405942755168,1.0120197745479698,1.2622008606576125
run-0e25bbe73f49,4247511459,run-0e25bbe73f49/seed-4247511459,5,0.0,0.5259774080812653,0.18343526309366465,-0.15780880456974278,-0.1466101910392752,0.11235597455036583,0.11161008861133737,0.1123190901681218,-0.09182370301582365,0.032525301940157014
run-0e25bbe73f49,4247511459,run-0e25bbe73f49/seed-4247511459,10,0.0,0.5341247855118479,-0.03501376794467914,0.01028024745017031,0.015409556207402364,0.362451066633485,-0.02776450640395034,-0.027752107217655086,-0.04551955045005629,0.0062301047179037505
run-0e25bbe73f49,4247511459,run-0e25bbe73f49/seed-4247511459,15,0.08508320312500017,0.5422721629424306,0.34622862871953847,0.27951715654488163,0.26172012591185534,0.5643519688483887,0.16421714857861236,0.1638285057818849,0.17484326997193833,0.20895367167668583
run-0e25bbe73f49,4247511459,run-0e25bbe73f49/seed-4247511459,20,0.59816669921875,0.5504195403730133,0.5778528612956972,0.566397743964419,0.5371690502428483,0.6226061109706491,0.42982927524854414,0.4292954991427039,0.4618180679581322,0.5042507533026759
run-0e25bbe73f49,4247511459,run-0e25bbe73f49/seed-4247511459,25,1.02062216796875,0.558566917803596,0.6934516333064688,0.7139504928714979,0.6904817184254297,0.6424920631007383,0.7056256059979936,0.7058078431192126,0.7720344775954279,0.7020675695065195
run-0e25bbe73f49,4247511459,run-0e25bbe73f49/seed-4247511459,30,0.8612647460937501,0.5667142952341787,0.7209244115317899,0.7401899564679487,0.7168801756642849,0.6974708719309842,0.7868231739326343,0.7877721528106423,0.7777362069332837,0.7404024448742
run-0e25bbe73f49,4247511459,run-0e25bbe73f49/seed-4247511459,35,0.7822104492187503,0.5748616726647614,0.7385217531776346,0.8224795654737473,0.7907347640254213,0.7578305854552545,0.8838288536117852,0.8843632986627298,0.869026769427808,0.831356732299112
run-0e25bbe73f49,4247511459,run-0e25bbe73f49/seed-4247511459,40,0.7859506835937502,0.5830090500953441,0.738930756915716,0.8248428517229279,0.7932528715592091,0.7594682521012616,0.8816041445889979,0.8821309624277492,0.8646320899750306,0.8294611995933605
run-0e25bbe73f49,4247511459,run-0e25bbe73f49/seed-4247511459,45,0.7932270507812502,0.5911564275259268,0.739024413562116,0.8267327374248487,0.7966014771983563,0.7627435853932765,0.8949977527386097,0.8955720052046521,0.8736347033494136,0.8385517208910559
run-0e25bbe73f49,4247511459,run-0e25bbe73f49/seed-4247511459,50,0.8048731445312503,0.5993038049565095,0.7391111043804439,0.8368209467054141,0.8070994578079553,0.7660189186852909,0.902952158203951,0.9035341202365503,0.8792608066228856,0.8453292353113028
run-0e25bbe73f49,4247511459,run-0e25bbe73f49/seed-4247511459,55,0.8146331054687499,0.6074511823870923,0.7391907480585773,0.8414411219946218,0.8122566284719093,0.7653170615512879,0.9050448375752438,0.905619921502854,0.8807769035563804,0.8480614667393559
run-0e25bbe73f49,4247511459,run-0e25bbe73f49/seed-4247511459,60,0.8189559570312501,0.615598559817675,0.7392231577937008,0.8436725130047513,0.8155606718275126,0.7653170615512879,0.9073237896875439,0.907906802479928,0.8827631718189045,0.8505015440501639
run-0e25bbe73f49,4247511459,run-0e25bbe73f49/seed-4247511459,65,0.82275458984375,0.6237459372482577,0.7392699423696352,0.8440240696389724,0.817325329351644,0.7674226329532974,0.9073594486370439,0.9079343292319682,0.8841468693163183,0.851678717643107
run-0e25bbe73f49,4247511459,run-0e25bbe73f49/seed-4247511459,70,0.8270032226562503,0.6318933146788404,0.7392922173887226,0.8459267975136873,0.8206400424675802,0.7676565853312984,0.9147342377748133,0.9153102560354766,0.8920595269132442,0.8576810603617061
run-0e25bbe73f49,4247511459,run-0e25bbe73f49/seed-4247511459,75,0.8357674804687503,0.640040692109423,0.7392959017014614,0.852172339595027,0.8281736715811738,0.7667207758192943,0.922183620811408,0.92275776594942,0.898565279059146,0.8646968508098807
run-0e25bbe73f49,4247511459,run-0e25bbe73f49/seed-4247511459,80,0.8289225585937499,0.6481880695400057,0.7393224500421733,0.8451378583053246,0.8234005622145317,0.7650831091732869,0.9124120862944795,0.9129809182527647,0.8908552927860333,0.8573493072770572
run-0e25bbe73f49,4247511459,run-0e25bbe73f49/seed-4247511459,85,0.84488154296875,0.6563354469705884,0.7393268240967491,0.8533547253827203,0.8326794518286078,0.766252871063292,0.9256667794747623,0.9262309557650592,0.9045525671088013,0.8696655682808782
run-0e25bbe73f49,4247511459,run-0e25bbe73f49/seed-4247511459,90,0.8462848632812499,0.6644828244011711,0.7393389891294376,0.8553173214434416,0.8365723024028808,0.7683584424653015,0.9321510326514749,0.9327139006084425,0.9104899319202251,0.8762073019942176
run-0e25bbe73f49,4247511459,run-0e25bbe73f49/seed-4247511459,95,0.8471717773437502,0.6726302018317538,0.739331649198403,0.8540253663319782,0.8370151472712938,0.7683584424653015,0.931196723924343,0.9317556820234738,0.9119945536638767,0.8761160119932193
run-0e25bbe73f49,4247511459,run-0e25bbe73f49/seed-4247511459,100,0.85293955078125,0.6807775792623365,0.7393575312501132,0.8581733278689403,0.8429242445777629,0.7671886805752963,0.9372671235435471,0.9378337569529145,0.9190662600723574,0.8820642091707005
run-0e25bbe73f49,4247511459,run-0e25bbe73f49/seed-4247511459,105,0.8496424804687499,0.6889249566929192,0.7393503251816799,0.8552574849017828,0.8422756671432343,0.7674226329532974,0.937066323509384,0.9376484351728647,0.920272211593902,0.8810775693332646
run-0e25bbe73f49,4247511459,run-0e25bbe73f49/seed-4247511459,110,0.85799580078125,0.6970723341235019,0.7393741603855127,0.8600135561686605,0.8486418355990324,0.7681244900873004,0.9446616732319721,0.9452348491479441,0.9261529961177861,0.8893884041202602
run-0e25bbe73f49,4247511459,run-0e25bbe73f49/seed-4247511459,115,0.8564733398437503,0.7052197115540846,0.7393659036434999,0.8587180412555495,0.8494291107799007,0.7690602995993048,0.9435257180011124,0.9441056090463495,0.9275866644716408,0.888427365549668
run-0e25bbe73f49,4247511459,run-0e25bbe73f49/seed-4247511459,120,0.85998427734375,0.7133670889846673,0.7393548230188417,0.8589742573641543,0.8518590952858457,0.7678905377092994,0.9485742563181536,0.9491607627489063,0.9330044086203615,0.892984183217633
run-0e25bbe73f49,4247511459,run-0e25bbe73f49/seed-4247511459,125,0.8583305664062499,0.72151446641525,0.7393709519166893,0.8603253811203716,0.8545154092578117,0.7690602995993048,0.9473163035336997,0.947881872097458,0.9337728273881745,0.8934682510932528
run-0e25bbe73f49,4247511459,run-0e25bbe73f49/seed-4247511459,130,0.8572819335937503,0.7296618438458327,0.7393556842553364,0.8593279707519355,0.8552446271734785,0.7674226329532974,0.9463027976197462,0.946855610487711,0.9348772447134458,0.8942501424016659
run-0e25bbe73f49,4247511459,run-0e25bbe73f49/seed-4247511459,135,0.85917939453125,0.7378092212764154,0.7393804009900946,0.8591840823294823,0.8570761754355868,0.7699961091113089,0.9493736570625995,0.9499411172839496,0.9382266040892702,0.8964560240183197
run-0e25bbe73f49,4247511459,run-0e25bbe73f49/seed-4247511459,140,0.86215146484375,0.745956598706998,0.7393869075054764,0.8622810755060445,0.86127236543473,0.7683584424653015,0.9538493625849922,0.9544198096455254,0.9429009875199605,0.9007049711507519
run-0e25bbe73f49,4247511459,run-0e25bbe73f49/seed-4247511459,145,0.8656168945312501,0.7541039761375807,0.7393804777326101,0.864223277509706,0.8645370201623565,0.7674226329532974,0.9558162788148817,0.9563774598942849,0.9472574246054071,0.9036175177088774
run-0e25bbe73f49,4247511459,run-0e25bbe73f49/seed-4247511459,150,0.86282744140625,0.7622513535681634,0.7393809412117068,0.8596008951200519,0.8615787948772291,0.7674226329532974,0.9496006404443167,0.9501585140997267,0.9415679721101367,0.8997244046764955
run-0e25bbe73f49,4247511459,run-0e25bbe73f49/seed-4247511459,155,0.8625270507812499,0.7703987309987462,0.7393816693920017,0.862708842753807,0.865770686191308,0.7699961091113089,0.9518366087951533,0.9523940549977612,0.9457897526407177,0.901979423708925
run-0e25bbe73f49,4247511459,run-0e25bbe73f49/seed-4247511459,160,0.86482822265625,0.7785461084293289,0.7393901087838891,0.8611270681556317,0.8653006498061204,0.7690602995993048,0.9522921310470269,0.9528604602829499,0.9456386566969546,0.9026247348999304
run-0e25bbe73f49,4247511459,run-0e25bbe73f49/seed-4247511459,165,0.86077861328125,0.7866934858599116,0.7393854759417242,0.8585297007509823,0.8637002505796855,0.7671886805752963,0.9432877999388557,0.9438210297630397,0.939000289455831,0.8960197205965268
run-0e25bbe73f49,4247511459,run-0e25bbe73f49/seed-4247511459,170,0.8676631835937503,0.7948408632904943,0.7393839390754137,0.8619583509923731,0.8678639363186862,0.7683584424653015,0.9492258011753316,0.9497896339329961,0.9445888143674355,0.9002140715589447
run-0e25bbe73f49,4247511459,run-0e25bbe73f49/seed-4247511459,175,0.8670881835937503,0.802988240721077,0.7393796623265841,0.8626150407234969,0.8687046878905468,0.7690602995993048,0.9462096776051224,0.9467524076300033,0.9425627832855021,0.8986131424643029
run-0e25bbe73f49,4247511459,run-0e25bbe73f49/seed-4247511459,180,0.8670612304687499,0.8111356181516597,0.7393885936904112,0.8645149750986632,0.8710221462530225,0.7695282043553068,0.9470969076678063,0.9476403861636498,0.9430984709328347,0.8998573467632632
run-0e25bbe73f49,4247511459,run-0e25bbe73f49/seed-4247511459,185,0.86710361328125,0.8192829955822424,0.7393833008088542,0.8623988425061139,0.8693415830306217,0.7721016805133183,0.9439292004127677,0.9444905035097748,0.9411370848117254,0.8964935486025438
run-0e25bbe73f49,4247511459,run-0e25bbe73f49/seed-4247511459,190,0.8641071289062499,0.8274303730128251,0.7393835107419697,0.8623740030653569,0.8694718645169731,0.7699961091113089,0.9399066594876831,0.9404679550058525,0.9364956501853067,0.8931764082458368
run-0e25bbe73f49,4247511459,run-0e25bbe73f49/seed-4247511459,195,0.8654708007812499,0.8355777504434078,0.7393860098465268,0.862064749074118,0.8687616619807788,0.7678905377092994,0.9360763621032997,0.9366329959645896,0.9329895657483518,0.8897558617542146
run-0e25bbe73f49,4247511459,run-0e25bbe73f49/seed-4247511459,200,0.86991103515625,0.8437251278739905,0.7393846693389114,0.8621345038245468,0.8681904701297034,0.7671886805752963,0.9263123422761717,0.926821361958343,0.9250913580899727,0.8845925499725321
run-0e25bbe73f49,3127276340,run-0e25bbe73f49/seed-3127276340,5,0.0,0.5419413580413991,-0.017239377629716945,-0.10782634829579574,-0.06742564621030245,0.09411259176068609,-0.0378474479905746,-0.037884752506720965,-0.01877277694182755,-0.09131605979019697
run-0e25bbe73f49,3127276340,run-0e25bbe73f49/seed-3127276340,10,0.0,0.5500531865944552,0.004040983843814683,0.04298289762991403,0.0031225822692910743,0.29521893012301836,0.08580126861254456,0.08559325790034344,0.09299140788710991,0.10954853758393612
run-0e25bbe73f49,3127276340,run-0e25bbe73f49/seed-3127276340,15,0.032385644531250035,0.5581650151475114,0.3343975341313274,0.2611965316743115,0.1994884895305643,0.45474221665952386,0.22212333450385185,0.22153784379217545,0.3678543129114635,0.2727863951569588
run-0e25bbe73f49,3127276340,run-0e25bbe73f49/seed-3127276340,20,0.41260478515625,0.5662768437005675,0.6262939009093372,0.5141772131350804,0.5151835078861994,0.5836253597454202,0.442613614696574,0.4423908792963425,0.594464680751269,0.46828630030622714
run-0e25bbe73f49,3127276340,run-0e25bbe73f49/seed-3127276340,25,0.5603051757812498,0.5743886722536238,0.7334209215736824,0.6165484709552619,0.6221090173582484,0.6439329436799526,0.6607322999464362,0.6607642262956925,0.7548407598835184,0.6556493336147623
run-0e25bbe73f49,3127276340,run-0e25bbe73f49/seed-3127276340,30,0.5007596679687498,0.5825005008066799,0.749380086333025,0.6264401460371897,0.637433900653821,0.6704390995221464,0.6439712176627899,0.6440516513631733,0.7361928861477447,0.6321100854117865
run-0e25bbe73f49,3127276340,run-0e25bbe73f49/seed-3127276340,35,0.58748564453125,0.5906123293597361,0.7556778393724569,0.6561651694677543,0.6483413061580794,0.6677641663637599,0.6471172455869896,0.6470770808206673,0.7258605902541938,0.6482975018307744
run-0e25bbe73f49,3127276340,run-0e25bbe73f49/seed-3127276340,40,0.58884052734375,0.5987241579127922,0.7542119426886276,0.66704551826417,0.6644614661852675,0.679922953447335,0.6821536442631508,0.6822131809223458,0.7470472435085591,0.6725253834754346
run-0e25bbe73f49,3127276340,run-0e25bbe73f49/seed-3127276340,45,0.61323330078125,0.6068359864658484,0.7553267955945598,0.6678921163968757,0.662580906212654,0.678463898997306,0.6857332334218342,0.6858087609635746,0.742064693985474,0.6703602994921884
run-0e25bbe73f49,3127276340,run-0e25bbe73f49/seed-3127276340,50,0.6299680664062499,0.6149478150189045,0.7545732073820377,0.6874403231787866,0.6831075368089468,0.6796797777056636,0.729679251529651,0.7298379517040322,0.7769972438420975,0.7057384226161675
run-0e25bbe73f49,3127276340,run-0e25bbe73f49/seed-3127276340,55,0.6315590820312502,0.6230596435719606,0.7548273789330612,0.6855670855899573,0.6764461335287966,0.677977547513963,0.7073938729058028,0.7074338956422718,0.7604456753021922,0.6934236874068896
run-0e25bbe73f49,3127276340,run-0e25bbe73f49/seed-3127276340,60,0.6312506835937499,0.6311714721250168,0.7549556692327747,0.6866555884466244,0.6786365759358557,0.6835705895724075,0.7125562663073589,0.7126166515844662,0.7620737518620025,0.6968440859632298
run-0e25bbe73f49,3127276340,run-0e25bbe73f49/seed-3127276340,65,0.64559091796875,0.639283300678073,0.7549635171954628,0.6884584352137628,0.6797988799573864,0.6813820078973639,0.7150427961572061,0.715104165473723,0.7635734064288324,0.6988564937329415
run-0e25bbe73f49,3127276340,run-0e25bbe73f49/seed-3127276340,70,0.6544661132812502,0.6473951292311292,0.7550797127240827,0.696047143411931,0.6875167882955269,0.6821115351223785,0.7217399504240471,0.7217796556278397,0.7691426796639123,0.705259044787611
run-0e25bbe73f49,3127276340,run-0e25bbe73f49/seed-3127276340,75,0.65792705078125,0.6555069577841853,0.7550824693975833,0.6958442343661113,0.6901373744912365,0.6806524806723495,0.7278370443917431,0.7279066888810373,0.7746148144499321,0.7096987071326762
run-0e25bbe73f49,3127276340,run-0e25bbe73f49/seed-3127276340,80,0.66401474609375,0.6636187863372415,0.7550935245736413,0.6971409285559731,0.6910655426185868,0.6801661291890065,0.7293138612768129,0.7293670057746509,0.7769282399142742,0.7124734621558069
run-0e25bbe73f49,3127276340,run-0e25bbe73f49/seed-3127276340,85,0.67988916015625,0.6717306148902976,0.7543927270603256,0.7049182437960908,0.6959094712116747,0.6830842380890645,0.7300470391407498,0.7300315187363546,0.7822494219769879,0.7161823176142507
run-0e25bbe73f49,3127276340,run-0e25bbe73f49/seed-3127276340,90,0.6768307617187499,0.6798424434433539,0.7550902238807037,0.7007734156298506,0.6983840923794062,0.683327413830736,0.7363728124331106,0.7364106293383805,0.7856077359155011,0.7206543861772088
run-0e25bbe73f49,3127276340,run-0e25bbe73f49/seed-3127276340,95,0.6824643554687502,0.68795427199641,0.7551236233512335,0.7021342037216258,0.7021387600397989,0.6816251836390357,0.7402887379482646,0.7403095731010698,0.7902223698034704,0.7261878921144362
run-0e25bbe73f49,3127276340,run-0e25bbe73f49/seed-3127276340,100,0.67930712890625,0.6960661005494662,0.755145180676767,0.7024423411978239,0.7071905293411852,0.6801661291890065,0.7424636520375505,0.7425073263890261,0.7946476806660987,0.7278654199863389
run-0e25bbe73f49,3127276340,run-0e25bbe73f49/seed-3127276340,105,0.6883073242187498,0.7041779291025223,0.7551831842594406,0.7052996559333354,0.7112999476765488,0.6855159955057796,0.7474418720776058,0.74747925423115,0.8001284553679122,0.7328700499025536
run-0e25bbe73f49,3127276340,run-0e25bbe73f49/seed-3127276340,110,0.6859885742187501,0.7122897576555784,0.7551965074713374,0.7053235879957578,0.7133686135428142,0.6811388321556924,0.7485670930626162,0.7485975095091787,0.8043327507595318,0.7352391708749444
run-0e25bbe73f49,3127276340,run-0e25bbe73f49/seed-3127276340,115,0.69447392578125,0.7204015862086346,0.7552055916039333,0.7093504136796013,0.7215366155792504,0.6794366019639921,0.7557563552850778,0.7557971093509159,0.8108571005023278,0.7419925174358724
run-0e25bbe73f49,3127276340,run-0e25bbe73f49/seed-3127276340,120,0.7037008789062502,0.7285134147616908,0.7551835296347964,0.7147266337452551,0.7274763693862748,0.6818683593807071,0.7627958576566234,0.7628291859665187,0.8190118316665747,0.7486163327280163
run-0e25bbe73f49,3127276340,run-0e25bbe73f49/seed-3127276340,125,0.69966982421875,0.736625243314747,0.7552011927695119,0.7101950407420928,0.7276117745249937,0.6840569410557507,0.7616547802115698,0.7617088542823012,0.8194913171768188,0.7467042945317286
run-0e25bbe73f49,3127276340,run-0e25bbe73f49/seed-3127276340,130,0.7002915039062498,0.7447370718678031,0.7552191950719557,0.7100782087796541,0.7287816666617297,0.6816251836390357,0.7612948774992123,0.7613504710530452,0.8209155828159219,0.7477123638779536
run-0e25bbe73f49,3127276340,run-0e25bbe73f49/seed-3127276340,135,0.70254638671875,0.7528489004208593,0.7552211149937794,0.7125384347215276,0.7325803949327045,0.6811388321556924,0.7650746970254173,0.7651066989146675,0.8259810709768236,0.752530105435069
run-0e25bbe73f49,3127276340,run-0e25bbe73f49/seed-3127276340,140,0.70023076171875,0.7609607289739154,0.7552475446983408,0.7115706234633171,0.7340524217957934,0.6818683593807071,0.76418344179451,0.7642465371089674,0.826618799915699,0.7504105373351382
run-0e25bbe73f49,3127276340,run-0e25bbe73f49/seed-3127276340,145,0.7127762695312498,0.7690725575269717,0.7550305781349202,0.7177243777855737,0.7408206224280235,0.6840569410557507,0.7702971144648632,0.7703482510403277,0.8315278336004983,0.7555128177926733
run-0e25bbe73f49,3127276340,run-0e25bbe73f49/seed-3127276340,150,0.7022471679687501,0.7771843860800278,0.7552309027792147,0.7105139036719647,0.7346251782123567,0.6830842380890645,0.7633230139350289,0.7633533446641962,0.8298690660319483,0.7528497695628084
run-0e25bbe73f49,3127276340,run-0e25bbe73f49/seed-3127276340,155,0.7069625976562499,0.785296214633084,0.7552421674322728,0.7132965825292561,0.7380034140945674,0.6825978866057215,0.76666714966995,0.7667084961083656,0.8322318706610663,0.7568204099992372
run-0e25bbe73f49,3127276340,run-0e25bbe73f49/seed-3127276340,160,0.7060602539062499,0.7934080431861401,0.7552255531431751,0.7126680255176951,0.7374991448592761,0.6840569410557507,0.7680723184858403,0.7681417095859171,0.8337820662181682,0.7557993618612276
run-0e25bbe73f49,3127276340,run-0e25bbe73f49/seed-3127276340,165,0.70533974609375,0.8015198717391963,0.7552429677293527,0.7109998599697431,0.7371786171627106,0.6821115351223785,0.7631205838001118,0.7631746448954926,0.8304171649427586,0.754042042269545
run-0e25bbe73f49,3127276340,run-0e25bbe73f49/seed-3127276340,170,0.7114104492187499,0.8096317002922524,0.7552335931163033,0.7174124022184948,0.7392685573454372,0.6821115351223785,0.764528247488022,0.7645602556122274,0.8330525645210948,0.7564833444860415
run-0e25bbe73f49,3127276340,run-0e25bbe73f49/seed-3127276340,175,0.7079692382812499,0.8177435288453085,0.7552430976635174,0.7131771351179701,0.7336597142264405,0.6816251836390357,0.7587641349538295,0.7587790313992393,0.8290062931502107,0.7526648784205167
run-0e25bbe73f49,3127276340,run-0e25bbe73f49/seed-3127276340,180,0.7089159179687499,0.8258553573983647,0.7552526197990095,0.7143732038924029,0.7320916716040238,0.6825978866057215,0.7583082214514751,0.7583180309970456,0.8286403724006438,0.754142619876127
run-0e25bbe73f49,3127276340,run-0e25bbe73f49/seed-3127276340,185,0.70797080078125,0.8339671859514209,0.7552071871467884,0.7117084367146481,0.7268922097256063,0.6843001167974222,0.7517715626704999,0.7517905977665191,0.8218844440834114,0.7477445550635171
run-0e25bbe73f49,3127276340,run-0e25bbe73f49/seed-3127276340,190,0.70737978515625,0.8420790145044771,0.7552504474945249,0.714352437321731,0.7277300076603006,0.6821115351223785,0.7498483816086874,0.7498802913529111,0.8210147694420435,0.7447585225971194
run-0e25bbe73f49,3127276340,run-0e25bbe73f49/seed-3127276340,195,0.71061552734375,0.8501908430575332,0.7552203603410196,0.7179175752476962,0.7261395680577398,0.6821115351223785,0.7456204281852344,0.7456415608333182,0.8168342277927156,0.7424602780434124
run-0e25bbe73f49,3127276340,run-0e25bbe73f49/seed-3127276340,200,0.70586708984375,0.8583026716105894,0.755236489157128,0.7145640256716305,0.719185583137862,0.6838137653140789,0.7410873013115539,0.7411031479460514,0.812003123257367,0.7393948937274712
run-ebbe4035ec6e,3002361271,run-ebbe4035ec6e/seed-3002361271,5,0.0,0.48388828278107204,0.016682380735136726,-0.049482502738503076,-0.018970900369604915,0.1753486023434846,-0.012274926500067562,-0.012199291987535221,-0.0188328462918812,-0.0761845025587149
run-ebbe4035ec6e,3002361271,run-ebbe4035ec6e/seed-3002361271,10,0.0,0.4939112033983961,0.12012285004521595,0.08239793842708887,0.08491849952444352,0.4779775233630136,-0.008668316585301317,-0.008617579835515587,-0.05984461157276055,0.0280942977833335
run-ebbe4035ec6e,3002361271,run-ebbe4035ec6e/seed-3002361271,15,0.39283124999999997,0.5039341240157202,0.2891639260799494,0.2762447218486194,0.19388280595292257,0.4472056223724957,0.4653193205620284,0.4650753216081693,0.43986727583831287,0.3561774651719907
run-ebbe4035ec6e,3002361271,run-ebbe4035ec6e/seed-3002361271,20,0.9743708984375001,0.5139570446330444,0.5923456423170183,0.6880331496329928,0.6109098830457818,0.5823243455188295,0.508767238600167,0.508735507066863,0.5234538918112854,0.6004065383879975
run-ebbe4035ec6e,3002361271,run-ebbe4035ec6e/seed-3002361271,25,0.8876107421875001,0.5239799652503685,0.6930062675082878,0.7790789683032374,0.7164652866691037,0.6862084323214049,0.7731694123984642,0.7733848244361012,0.7286438977569993,0.7887722933919629
run-ebbe4035ec6e,3002361271,run-ebbe4035ec6e/seed-3002361271,30,0.8152560546875003,0.5340028858676925,0.7283667941002013,0.744801697248131,0.7046130028261005,0.73155649693901,0.7284938106913071,0.7287963087596859,0.720503080244369,0.7043483372943053
run-ebbe4035ec6e,3002361271,run-ebbe4035ec6e/seed-3002361271,35,0.8068199218750001,0.5440258064850166,0.7299231619622739,0.7382000346310419,0.6909112931671472,0.7359524827947983,0.7338919068467922,0.7341037736430793,0.6980669464261875,0.7055243159691578
run-ebbe4035ec6e,3002361271,run-ebbe4035ec6e/seed-3002361271,40,0.8308953125000003,0.5540487271023407,0.7327842889599507,0.7619266161115197,0.7127907332838663,0.7449758221829953,0.7278686544070131,0.7281457781466375,0.7105191862084848,0.7289031886526461
run-ebbe4035ec6e,3002361271,run-ebbe4035ec6e/seed-3002361271,45,0.8406376953124999,0.5640716477196648,0.7332044842673727,0.7729739218604696,0.7212367325612258,0.7459012928894773,0.7357513367751045,0.7360256560463043,0.7281444713329794,0.744922260927882
run-ebbe4035ec6e,3002361271,run-ebbe4035ec6e/seed-3002361271,50,0.8537316406250002,0.5740945683369889,0.7333903255991421,0.7774089051645731,0.7239717718229828,0.7477522343024405,0.7460100497192592,0.7462900106343968,0.7288797578669288,0.7482796926748793
run-ebbe4035ec6e,3002361271,run-ebbe4035ec6e/seed-3002361271,55,0.8632541015624999,0.584117488954313,0.7334367426139778,0.7819852985282157,0.7299357346748014,0.7477522343024405,0.7528222741664531,0.7530998302133328,0.7378077370886544,0.7560199426962169
run-ebbe4035ec6e,3002361271,run-ebbe4035ec6e/seed-3002361271,60,0.8728058593749999,0.594140409571637,0.7334888434058615,0.7872317928462229,0.7339650821245453,0.7484463373323019,0.7599878895862556,0.7602709832500144,0.7445027039482843,0.7630657052368515
run-ebbe4035ec6e,3002361271,run-ebbe4035ec6e/seed-3002361271,65,0.8797183593750002,0.6041633301889612,0.7334099400508072,0.7896426811936215,0.7359780118958257,0.7468267635959589,0.7637603606215471,0.7640418681433558,0.7474144458447002,0.7693862051209567
run-ebbe4035ec6e,3002361271,run-ebbe4035ec6e/seed-3002361271,70,0.882484375,0.6141862508062853,0.7335483786170762,0.7927180668048969,0.7433589123316309,0.7482149696556816,0.7596892070040678,0.7599688362180173,0.7453283375072646,0.7721236599915889
run-ebbe4035ec6e,3002361271,run-ebbe4035ec6e/seed-3002361271,75,0.8918751953124999,0.6242091714236093,0.733598051452617,0.7979335913633983,0.7478319566099438,0.7498345433920244,0.769281407594138,0.769565939294404,0.7538929722670958,0.779351271992737
run-ebbe4035ec6e,3002361271,run-ebbe4035ec6e/seed-3002361271,80,0.8910662109375,0.6342320920409334,0.7336075550134907,0.7967258079494128,0.7506710634321505,0.7507600140985063,0.7748518664396731,0.7751287859942876,0.756798403530108,0.7802633153927631
run-ebbe4035ec6e,3002361271,run-ebbe4035ec6e/seed-3002361271,85,0.8960140625000002,0.6442550126582576,0.7336264650793082,0.7958747042241079,0.7535481448938264,0.7489090726855427,0.7817758824509317,0.7820626977020113,0.764428817234361,0.783178145357827
run-ebbe4035ec6e,3002361271,run-ebbe4035ec6e/seed-3002361271,90,0.904184375,0.6542779332755817,0.7336484396455456,0.8000942073127189,0.7581989011474528,0.7514541171283675,0.7836779123963115,0.7839717736238919,0.7662868345851064,0.7875035095331452
run-ebbe4035ec6e,3002361271,run-ebbe4035ec6e/seed-3002361271,95,0.9067968750000002,0.6643008538929057,0.7336571463090662,0.8018595345218534,0.7639500860475367,0.7526109555114696,0.7918314755887357,0.7921218617884909,0.7746792245529105,0.7934391001166952
run-ebbe4035ec6e,3002361271,run-ebbe4035ec6e/seed-3002361271,100,0.9087339843750002,0.6743237745102298,0.7336810212239243,0.8042088484318958,0.7683473288711518,0.751685484804988,0.7944482221977356,0.7947287828474412,0.7781211711137856,0.7990670187291132
run-ebbe4035ec6e,3002361271,run-ebbe4035ec6e/seed-3002361271,105,0.909196484375,0.684346695127554,0.7336750179738113,0.8027328489695613,0.7720485734103006,0.7530736908647107,0.79585637431613,0.7961480195811217,0.7806299106880923,0.7964625230473873
run-ebbe4035ec6e,3002361271,run-ebbe4035ec6e/seed-3002361271,110,0.9087650390625,0.6943696157448781,0.7336872789618276,0.8025322257162271,0.7752082445216527,0.7502972787452653,0.8004721713504248,0.8007544748762515,0.7801767641300583,0.8007060726357044
run-ebbe4035ec6e,3002361271,run-ebbe4035ec6e/seed-3002361271,115,0.9179673828125001,0.7043925363622021,0.7336886031423011,0.8049976396730953,0.7792399496632403,0.7526109555114696,0.8096615393877759,0.8099481639761774,0.7898604354668399,0.8067949147195685
run-ebbe4035ec6e,3002361271,run-ebbe4035ec6e/seed-3002361271,120,0.9158761718750001,0.7144154569795262,0.7337046082170098,0.8065495517887251,0.7836425513170449,0.7498345433920244,0.806929388197389,0.8072155884847034,0.790594041490177,0.8097713922572024
run-ebbe4035ec6e,3002361271,run-ebbe4035ec6e/seed-3002361271,125,0.9209218750000001,0.7244383775968504,0.733708903152911,0.8101703498098992,0.7889773739222768,0.7514541171283675,0.8150029086352242,0.8152918176745168,0.7990619934063533,0.8178477552838846
run-ebbe4035ec6e,3002361271,run-ebbe4035ec6e/seed-3002361271,130,0.9187685546875002,0.7344612982141745,0.7337042321983156,0.8061190446019,0.7899473220669182,0.7505286464218859,0.8125018229210536,0.8127913151362978,0.7999064450599103,0.8134502966620307
run-ebbe4035ec6e,3002361271,run-ebbe4035ec6e/seed-3002361271,135,0.9217119140624999,0.7444842188314985,0.7337203634132734,0.8069785572832207,0.7919440892575845,0.7537677938945719,0.8187996298545456,0.8191002022502437,0.8030108845546218,0.8166924355972214
run-ebbe4035ec6e,3002361271,run-ebbe4035ec6e/seed-3002361271,140,0.9259851562500001,0.7545071394488226,0.733730415031781,0.8109267362016339,0.7971516412614189,0.751685484804988,0.8245539561194978,0.8248470596927169,0.8058481003564624,0.8218513529455205
run-ebbe4035ec6e,3002361271,run-ebbe4035ec6e/seed-3002361271,145,0.9211445312500002,0.7645300600661468,0.733722168523734,0.8060360199114589,0.7964308641449768,0.7519168524816083,0.8218865434335735,0.8221789616970627,0.8023476699720029,0.8170053303375238
run-ebbe4035ec6e,3002361271,run-ebbe4035ec6e/seed-3002361271,150,0.9239835937500003,0.7745529806834708,0.7337393443721181,0.8087786776732062,0.8003554173373795,0.7493718080387837,0.8198147969140454,0.8201142124040561,0.8081004053888418,0.82005629210899
run-ebbe4035ec6e,3002361271,run-ebbe4035ec6e/seed-3002361271,155,0.9289652343749999,0.7845759013007949,0.7337242785001798,0.8111898305411007,0.8022045160917868,0.7519168524816083,0.8286018272582663,0.8288951981037085,0.8095559680740603,0.824194072685831
run-ebbe4035ec6e,3002361271,run-ebbe4035ec6e/seed-3002361271,160,0.9233468750000002,0.794598821918119,0.733725322549323,0.8072354823247616,0.7999629792879033,0.7509913817751267,0.8265156345798467,0.8268077537703558,0.8104747738611929,0.8199890201807102
run-ebbe4035ec6e,3002361271,run-ebbe4035ec6e/seed-3002361271,165,0.9257603515625001,0.8046217425354432,0.7336922650398243,0.8107503616590175,0.8027241712281774,0.7507600140985063,0.830222173391455,0.8305049433697381,0.8159765259109605,0.8239890534909468
run-ebbe4035ec6e,3002361271,run-ebbe4035ec6e/seed-3002361271,170,0.9263031250000002,0.8146446631527672,0.733731272499825,0.8073863625357567,0.8012501740342028,0.7521482201582288,0.8249833333554442,0.8252833045418217,0.8115148831431738,0.8185285846707531
run-ebbe4035ec6e,3002361271,run-ebbe4035ec6e/seed-3002361271,175,0.9258480468749999,0.8246675837700913,0.7337270711141547,0.807352391260601,0.799073977268247,0.7528423231880903,0.8304153531125607,0.830708868897799,0.8127402135157683,0.8181364268359698
run-ebbe4035ec6e,3002361271,run-ebbe4035ec6e/seed-3002361271,180,0.929904296875,0.8346905043874153,0.7337336463125921,0.8127568719077062,0.8026171912351389,0.7486777050089224,0.825643410456093,0.8259262541647407,0.8138411307717821,0.8192347539918584
run-ebbe4035ec6e,3002361271,run-ebbe4035ec6e/seed-3002361271,185,0.9219546875000002,0.8447134250047394,0.7337142023417782,0.8081366968424797,0.7963071666266046,0.7512227494517472,0.8241191843375804,0.8244076261342907,0.8107254312023049,0.813121498938876
run-ebbe4035ec6e,3002361271,run-ebbe4035ec6e/seed-3002361271,190,0.9278410156250001,0.8547363456220636,0.733738313371966,0.8093086124853065,0.7924436013577973,0.7505286464218859,0.8301748602260682,0.8304613687903405,0.8149526934203003,0.8132636362745524
run-ebbe4035ec6e,3002361271,run-ebbe4035ec6e/seed-3002361271,195,0.9233794921875,0.8647592662393877,0.7337323132380301,0.8079185328847598,0.7903851418580073,0.7539991615711923,0.8186414546621015,0.8189386235071242,0.8096662436782944,0.8049315033365037
run-ebbe4035ec6e,3002361271,run-ebbe4035ec6e/seed-3002361271,200,0.9270792968749999,0.8747821868567118,0.7337401241304975,0.8108710395105333,0.7908065574925598,0.7512227494517472,0.8211289847171526,0.8214136083017151,0.8103353967923975,0.8073894071788589
run-ebbe4035ec6e,1741336945,run-ebbe4035ec6e/seed-1741336945,5,0.0,0.5195609485763696,-0.16400406813088564,0.02122858027645924,0.019271948213910872,0.15369740961491452,0.10789727965713036,0.10806050945575874,0.19318640115355745,0.06021917642932029
run-ebbe4035ec6e,1741336945,run-ebbe4035ec6e/seed-1741336945,10,0.0,0.5295271201109876,0.01393258122224672,0.11815840696164648,0.12460406780959477,0.32030629479440736,0.15273500884546165,0.15240232603696724,0.020382489104581736,0.02301130987392852
run-ebbe4035ec6e,1741336945,run-ebbe4035ec6e/seed-1741336945,15,0.2099039062500001,0.5394932916456056,0.4175842509755548,0.31576132542895824,0.32292413441815415,0.4225964010441426,0.23480568671579094,0.23441167486130937,0.0862623229776116,0.23644070958155816
run-ebbe4035ec6e,1741336945,run-ebbe4035ec6e/seed-1741336945,20,0.3962751953125001,0.5494594631802235,0.6424155943526666,0.5805467835900346,0.5768337704742845,0.6553322235972016,0.734054690588004,0.7339003655958822,0.5874560948592236,0.5327676522438658
run-ebbe4035ec6e,1741336945,run-ebbe4035ec6e/seed-1741336945,25,0.39371484375,0.5594256347148415,0.7382248441645601,0.6529479635740674,0.6511358825792128,0.7248171695092692,0.7106588073826878,0.7105054570832454,0.6660531241977176,0.5565646880289916
run-ebbe4035ec6e,1741336945,run-ebbe4035ec6e/seed-1741336945,30,0.34572558593750014,0.5693918062494595,0.7662458887255714,0.6718785035908721,0.6650026166726919,0.7643383469239395,0.6794549643999361,0.6792891741265636,0.6344281335489733,0.6025575508861097
run-ebbe4035ec6e,1741336945,run-ebbe4035ec6e/seed-1741336945,35,0.38996894531250015,0.5793579777840775,0.76851615045726,0.6809456271513811,0.6728334029957495,0.752972779562858,0.7107748972758194,0.7106284147581601,0.6617079709085353,0.6172204306760579
run-ebbe4035ec6e,1741336945,run-ebbe4035ec6e/seed-1741336945,40,0.3998837890625,0.5893241493186955,0.7690058167292152,0.6983285188107706,0.6882762532295218,0.7648549636221704,0.7163108685796795,0.7161478776897299,0.6630141936046292,0.6374339659379347
run-ebbe4035ec6e,1741336945,run-ebbe4035ec6e/seed-1741336945,45,0.42477578125000015,0.5992903208533135,0.7699684917284134,0.7099262223567088,0.6981271514131766,0.766663122065979,0.7241968646265845,0.724030719155924,0.6764117425451255,0.6491515336780441
run-ebbe4035ec6e,1741336945,run-ebbe4035ec6e/seed-1741336945,50,0.43795136718750016,0.6092564923879314,0.7701551499689192,0.717097621565811,0.7045877013605644,0.7684712805097875,0.7308110840488142,0.7306476223015713,0.6803444802354965,0.6568778069619332
run-ebbe4035ec6e,1741336945,run-ebbe4035ec6e/seed-1741336945,55,0.44877109375,0.6192226639225494,0.7703450905379612,0.7208938351977736,0.7089054538459376,0.7669214304150945,0.7386376737193652,0.7384711120130226,0.6887109241958969,0.6614166664882811
run-ebbe4035ec6e,1741336945,run-ebbe4035ec6e/seed-1741336945,60,0.4617589843750003,0.6291888354571674,0.7704109157388133,0.7269770280080226,0.7158239585869699,0.7684712805097875,0.745382527114897,0.7452207404088212,0.6903643860181033,0.6678371375848264
run-ebbe4035ec6e,1741336945,run-ebbe4035ec6e/seed-1741336945,65,0.47183261718750025,0.6391550069917854,0.7704874232721397,0.7301105577678222,0.720324694955025,0.7687295888589031,0.753027849783046,0.7528711666620974,0.6900195109006185,0.6731296251282743
run-ebbe4035ec6e,1741336945,run-ebbe4035ec6e/seed-1741336945,70,0.47712441406250017,0.6491211785264035,0.770602076396527,0.7308722214922292,0.7221986328892881,0.7726042140956353,0.7551723044137931,0.7550095560791902,0.6966536403509592,0.6756863285237604
run-ebbe4035ec6e,1741336945,run-ebbe4035ec6e/seed-1741336945,75,0.48653632812500014,0.6590873500610215,0.7704809649079184,0.734603250185291,0.7263341941192701,0.7674380471133254,0.7635733745481524,0.7634173432949884,0.7010948026499322,0.6825304338078856
run-ebbe4035ec6e,1741336945,run-ebbe4035ec6e/seed-1741336945,80,0.49337617187500005,0.6690535215956395,0.7706658752949358,0.7404160679282791,0.7336810061351428,0.7697628222553649,0.7711531197681273,0.7709841202811408,0.7078101967326936,0.6881898211464825
run-ebbe4035ec6e,1741336945,run-ebbe4035ec6e/seed-1741336945,85,0.49950761718750014,0.6790196931302575,0.7707098329711842,0.7419093899094493,0.7366724083511161,0.7684712805097875,0.7744857515288623,0.774321688519848,0.7131461446413709,0.692319084547079
run-ebbe4035ec6e,1741336945,run-ebbe4035ec6e/seed-1741336945,90,0.5060800781250001,0.6889858646648754,0.7707250727500433,0.7465605382671977,0.7430984040819438,0.7702794389535959,0.7814851802349826,0.7813277728306522,0.7161814422564552,0.6957541902366664
run-ebbe4035ec6e,1741336945,run-ebbe4035ec6e/seed-1741336945,95,0.509038671875,0.6989520361994934,0.7707439211348737,0.7455944703185275,0.743331195947842,0.7705377473027115,0.7885562750081501,0.7883867262467729,0.7247532422667501,0.7034844478790689
run-ebbe4035ec6e,1741336945,run-ebbe4035ec6e/seed-1741336945,100,0.5139041015624999,0.7089182077341114,0.770784017982586,0.749786255730831,0.7490859384151847,0.7695045139062494,0.7959955224451287,0.7958381292988455,0.7291848344844072,0.7068591594012517
run-ebbe4035ec6e,1741336945,run-ebbe4035ec6e/seed-1741336945,105,0.5174548828125003,0.7188843792687294,0.7707739304012248,0.7518280756047503,0.7525340577997439,0.7710543640009425,0.7988736383716898,0.7987161153265092,0.7290894363951589,0.710587122415897
run-ebbe4035ec6e,1741336945,run-ebbe4035ec6e/seed-1741336945,110,0.5179859375000002,0.7288505508033474,0.7708123551679166,0.7497344105329977,0.75260726990842,0.7702794389535959,0.8013621998022528,0.8011958667047838,0.7304582473944269,0.7108456489166284
run-ebbe4035ec6e,1741336945,run-ebbe4035ec6e/seed-1741336945,115,0.5238027343750002,0.7388167223379654,0.7708360498857937,0.7497733166478199,0.7543554001014824,0.7702794389535959,0.8061042235222105,0.8059528609268715,0.7380747900275524,0.7150930885543165
run-ebbe4035ec6e,1741336945,run-ebbe4035ec6e/seed-1741336945,120,0.528102734375,0.7487828938725833,0.7708402677103331,0.7563478415647652,0.7622632721544556,0.7707960556518271,0.8139846667925552,0.8138319473716745,0.743858232391173,0.7190407929053376
run-ebbe4035ec6e,1741336945,run-ebbe4035ec6e/seed-1741336945,125,0.5252115234375001,0.7587490654072013,0.7708650502618859,0.7557072362730778,0.7635497830708777,0.769246205557134,0.8118231007538524,0.8116582531435632,0.7425379035120844,0.7193042438467337
run-ebbe4035ec6e,1741336945,run-ebbe4035ec6e/seed-1741336945,130,0.5285246093750002,0.7687152369418193,0.7708431993187028,0.7493771156220784,0.7592195656936034,0.7710543640009425,0.8128056570284236,0.8126370559210818,0.7466252499171689,0.7214358641896104
run-ebbe4035ec6e,1741336945,run-ebbe4035ec6e/seed-1741336945,135,0.5326841796875001,0.7786814084764373,0.7708643422154089,0.7533845959696865,0.7641524603437667,0.7718292890482888,0.820756807893173,0.8206039596070211,0.753514077899466,0.7245450451144461
run-ebbe4035ec6e,1741336945,run-ebbe4035ec6e/seed-1741336945,140,0.5368458984375,0.7886475800110554,0.7708413248915023,0.7590859112011122,0.7706393362144809,0.7736374474920974,0.8277072156266337,0.827551178966558,0.7583984808355262,0.7283993964093438
run-ebbe4035ec6e,1741336945,run-ebbe4035ec6e/seed-1741336945,145,0.5361134765625,0.7986137515456734,0.770870718201019,0.7585342164147344,0.7718406055837441,0.7702794389535959,0.8274680086408626,0.8273149765534721,0.7610038460096437,0.7277227260081321
run-ebbe4035ec6e,1741336945,run-ebbe4035ec6e/seed-1741336945,150,0.5350132812499999,0.8085799230802914,0.7708737226090918,0.7577040141128912,0.7724527291866923,0.7720875973974044,0.8267797560634553,0.8266124704482136,0.7633427230836447,0.7293512169365883
run-ebbe4035ec6e,1741336945,run-ebbe4035ec6e/seed-1741336945,155,0.5344962890625,0.8185460946149093,0.7708748121603648,0.7564882666278321,0.7723851521467799,0.7728625224447507,0.826491519089144,0.8263219420380138,0.7591516572077542,0.7279298126687984
run-ebbe4035ec6e,1741336945,run-ebbe4035ec6e/seed-1741336945,160,0.5342935546875003,0.8285122661495273,0.7708605381336467,0.7564324233318096,0.773484339571396,0.7728625224447507,0.8255398200011824,0.8253806222158188,0.757116556711421,0.7247666841223198
run-ebbe4035ec6e,1741336945,run-ebbe4035ec6e/seed-1741336945,165,0.5385703125000001,0.8384784376841453,0.770872745230138,0.7604486978680862,0.7776054804982326,0.7715709806991734,0.831660373236156,0.8315042371406952,0.7664046993310394,0.7277451726838217
run-ebbe4035ec6e,1741336945,run-ebbe4035ec6e/seed-1741336945,170,0.5381818359374999,0.8484446092187633,0.7708568254148511,0.7577008575267411,0.7768020471345805,0.7720875973974044,0.8294891222999871,0.8293243622020448,0.7619144684730655,0.7244306367156589
run-ebbe4035ec6e,1741336945,run-ebbe4035ec6e/seed-1741336945,175,0.5396988281250001,0.8584107807533813,0.7708890384246642,0.7571402269957908,0.7758415280581528,0.7728625224447507,0.8293103348913189,0.8291491217790455,0.7656480647869794,0.723533011114763
run-ebbe4035ec6e,1741336945,run-ebbe4035ec6e/seed-1741336945,180,0.5420798828125002,0.8683769522879993,0.7708498957683415,0.7579298427385661,0.7771640218096553,0.7757039142850214,0.8313024844485009,0.8311483994415481,0.7622179113914973,0.7227615938871438
run-ebbe4035ec6e,1741336945,run-ebbe4035ec6e/seed-1741336945,185,0.5382978515625001,0.8783431238226173,0.7708875635370318,0.7575344759994276,0.7764464237130867,0.7728625224447507,0.8265083474935558,0.8263476552682741,0.7630993144976941,0.7170904011056256
run-ebbe4035ec6e,1741336945,run-ebbe4035ec6e/seed-1741336945,190,0.5395494140624999,0.8883092953572352,0.7708752751849737,0.7586187204299625,0.7781568016061563,0.7710543640009425,0.8261323858566612,0.8259672245170909,0.76015487669855,0.7146497769301252
run-ebbe4035ec6e,1741336945,run-ebbe4035ec6e/seed-1741336945,195,0.5413201171875,0.8982754668918532,0.7708946520612964,0.7571091513388815,0.7756265040738998,0.7726042140956353,0.8263299267010494,0.8261665114822475,0.762059237516739,0.711860252982655
run-ebbe4035ec6e,1741336945,run-ebbe4035ec6e/seed-1741336945,200,0.5403673828125002,0.9082416384264712,0.7709004601167364,0.7581808133886403,0.7769787922930157,0.7741540641903284,0.8260464409226201,0.8258807290954208,0.7590291457081797,0.7081976179088866
run-f856f0c1ae51,310190245,run-f856f0c1ae51/seed-310190245,5,0.0,0.5333298411696519,-0.09294358365308286,-0.0705482967399621,-0.08700473283011956,0.19042581133098613,-0.02417838972631592,-0.023363525212919845,-0.04585534560056348,-0.055595035537910786
run-f856f0c1ae51,310190245,run-f856f0c1ae51/seed-310190245,10,0.0,0.5413938890283396,0.0733414268353565,0.06217474925155231,0.05850246691143879,0.4647908587207974,0.07927137251175076,0.07894958572177535,0.049714406773255226,-0.03823141541895614
run-f856f0c1ae51,310190245,run-f856f0c1ae51/seed-310190245,15,0.17730546874999997,0.5494579368870274,0.3685509435980878,0.2395108897417873,0.23272644964474548,0.5629000992692392,0.15978362477025443,0.1593798939950245,0.17639471114881367,0.11415127889686083
run-f856f0c1ae51,310190245,run-f856f0c1ae51/seed-310190245,20,0.593228125,0.557521984745715,0.5988839661347246,0.49479383029023405,0.49943941705845485,0.5784807230784209,0.4251099085778897,0.42533098991758317,0.5559816570878667,0.5468129203813848
run-f856f0c1ae51,310190245,run-f856f0c1ae51/seed-310190245,25,0.6457689453125,0.5655860326044028,0.7211084037476199,0.5799043788403608,0.5982668061645225,0.6685562044752534,0.5586271242241123,0.5593907641633399,0.5949488869062451,0.5799211092172949
run-f856f0c1ae51,310190245,run-f856f0c1ae51/seed-310190245,30,0.64685078125,0.5736500804630905,0.7396315698349836,0.6309257067902566,0.6355903988463318,0.6958222961413216,0.606138200476299,0.6065100890600831,0.6473325850807761,0.6121210726995937
run-f856f0c1ae51,310190245,run-f856f0c1ae51/seed-310190245,35,0.6684732421874999,0.5817141283217782,0.7434566094648668,0.6431623110320887,0.6457826689235316,0.6999608993406355,0.6187102623520173,0.6189646351017233,0.6426232645611262,0.6244061108637625
run-f856f0c1ae51,310190245,run-f856f0c1ae51/seed-310190245,40,0.6880234375000001,0.5897781761804659,0.7439663707866757,0.6520839965178917,0.6508680804703545,0.7040995025399494,0.6328656794510339,0.633067329105989,0.6523802064011278,0.641158157514549
run-f856f0c1ae51,310190245,run-f856f0c1ae51/seed-310190245,45,0.7114548828125002,0.5978422240391537,0.7444576718475636,0.661101026087006,0.6581851402466216,0.7048298442810047,0.6458198397566104,0.6460469969300687,0.6603137114025988,0.6561162978039433
run-f856f0c1ae51,310190245,run-f856f0c1ae51/seed-310190245,50,0.7234726562500002,0.6059062718978414,0.7444257221024005,0.6657822282473602,0.6617780050278937,0.7070208695041709,0.6556013153401355,0.655762181215113,0.6668495879886337,0.6690330266221021
run-f856f0c1ae51,310190245,run-f856f0c1ae51/seed-310190245,55,0.7447734375000001,0.613970319756529,0.7446989522087832,0.6732093501393841,0.667970784862696,0.706533975010134,0.6659796742772963,0.6660723142607947,0.6712496581226429,0.6807852729314539
run-f856f0c1ae51,310190245,run-f856f0c1ae51/seed-310190245,60,0.7520707031250002,0.6220343676152168,0.744813400561229,0.6773999508821625,0.673107092217478,0.7079946584922449,0.667874249940334,0.6679952456565023,0.6773928498512155,0.6891572781870093
run-f856f0c1ae51,310190245,run-f856f0c1ae51/seed-310190245,65,0.7633218749999999,0.6300984154739045,0.7448940363670433,0.6814427211152556,0.6770013931383504,0.7067774222571525,0.6756687307686624,0.6757744947054488,0.6787979445549787,0.6964486770801327
run-f856f0c1ae51,310190245,run-f856f0c1ae51/seed-310190245,70,0.7705626953125,0.6381624633325923,0.7448929116821364,0.6856532206335096,0.683187001855675,0.7060470805160971,0.685042443939168,0.6851527464920139,0.6836055897852714,0.7063345595000847
run-f856f0c1ae51,310190245,run-f856f0c1ae51/seed-310190245,75,0.7759880859375001,0.6462265111912799,0.7457549087167509,0.686474278508002,0.6842960378537244,0.7055601860220603,0.686160114015288,0.6862729331946599,0.6894443696699971,0.7122916388343988
run-f856f0c1ae51,310190245,run-f856f0c1ae51/seed-310190245,80,0.7497777343749998,0.6542905590499677,0.7443289872738253,0.6687231304138809,0.6696495394445257,0.6982567686115062,0.6571749795992121,0.6574540716645001,0.6753685873109206,0.6802443183051582
run-f856f0c1ae51,310190245,run-f856f0c1ae51/seed-310190245,85,0.7619031249999999,0.6623546069086554,0.7445981342170069,0.6777787646111032,0.6806008565175415,0.7058036332690787,0.6699781999913131,0.6701694219336092,0.6853611688606486,0.6953267429532314
run-f856f0c1ae51,310190245,run-f856f0c1ae51/seed-310190245,90,0.7724843749999999,0.6704186547673432,0.7447031443386114,0.6820360410478444,0.6865925153678616,0.7067774222571525,0.6827454968510046,0.6829353787323335,0.6925423872790857,0.7062464878731696
run-f856f0c1ae51,310190245,run-f856f0c1ae51/seed-310190245,95,0.7892388671875001,0.6784827026260308,0.7443410236676168,0.688163971494418,0.6948604080843412,0.7062905277631155,0.6937233080904924,0.693886221923895,0.701122384312883,0.7249570254754184
run-f856f0c1ae51,310190245,run-f856f0c1ae51/seed-310190245,100,0.7850175781250002,0.6865467504847186,0.744727703428438,0.6877729441666898,0.6959451022951191,0.710672578209448,0.6979846664762767,0.6981615477523158,0.7042798730669698,0.7239356989201294
run-f856f0c1ae51,310190245,run-f856f0c1ae51/seed-310190245,105,0.7918900390624999,0.6946107983434063,0.7449338114579535,0.6920323653215101,0.7024425240575873,0.7104291309624295,0.700973428905889,0.7011833764902901,0.7110925542983898,0.7312700574049134
run-f856f0c1ae51,310190245,run-f856f0c1ae51/seed-310190245,110,0.8005291015625002,0.7026748462020941,0.7449394910248971,0.6952518077263569,0.7074513679030011,0.7094553419743556,0.7072773318695461,0.7074649916456114,0.7172148090723746,0.7396711909617937
run-f856f0c1ae51,310190245,run-f856f0c1ae51/seed-310190245,115,0.8012484375,0.7107388940607817,0.7450485119308373,0.6968839608808077,0.7125092866289698,0.7116463671975217,0.7119755084749654,0.7121428130502705,0.7199394968948045,0.7405935486392045
run-f856f0c1ae51,310190245,run-f856f0c1ae51/seed-310190245,120,0.8030857421875002,0.7188029419194695,0.7450492311904064,0.6963698147789907,0.712964703224999,0.7092118947273371,0.7134322473342868,0.7136406355257663,0.7220895051314506,0.7437834469243163
run-f856f0c1ae51,310190245,run-f856f0c1ae51/seed-310190245,125,0.8056843750000002,0.7268669897781572,0.7450421566345895,0.6959116640107148,0.7144650578329613,0.7101856837154111,0.717482207042704,0.71770286165066,0.7264825879589216,0.7469196649569089
run-f856f0c1ae51,310190245,run-f856f0c1ae51/seed-310190245,130,0.8103242187499999,0.734931037636845,0.7450604061624975,0.698715485050869,0.7188865118167986,0.7087250002333002,0.723992317692909,0.7241853678798292,0.7288946965753653,0.7518285070502557
run-f856f0c1ae51,310190245,run-f856f0c1ae51/seed-310190245,135,0.8143380859375,0.7429950854955326,0.7450857487358707,0.7004801308052173,0.7229832134349511,0.709698789221374,0.7228405590625449,0.7230679578810951,0.7318122361131041,0.755478938652874
run-f856f0c1ae51,310190245,run-f856f0c1ae51/seed-310190245,140,0.8134458984375001,0.7510591333542204,0.7451047931962138,0.7000385146934626,0.7243029477610193,0.7084815529862818,0.7229107893959579,0.723150443189117,0.7323631341229841,0.7553095576607196
run-f856f0c1ae51,310190245,run-f856f0c1ae51/seed-310190245,145,0.8166689453125002,0.7591231812129081,0.7451077898049653,0.6994855052272432,0.7242906558242467,0.7079946584922449,0.7232702125880992,0.7235110998348159,0.7351299049742306,0.7586940071148743
run-f856f0c1ae51,310190245,run-f856f0c1ae51/seed-310190245,150,0.8173390624999999,0.7671872290715959,0.7450969070550334,0.7022561814544872,0.7276147540198887,0.7118898144445402,0.7260108869301685,0.7262697507454311,0.7394685408345668,0.7630955692859501
run-f856f0c1ae51,310190245,run-f856f0c1ae51/seed-310190245,155,0.8184658203124999,0.7752512769302835,0.7450907645121906,0.7012533452384072,0.7260087157046209,0.7114029199505033,0.72490989869894,0.7251908392795333,0.7386270379706308,0.7631551883716655
run-f856f0c1ae51,310190245,run-f856f0c1ae51/seed-310190245,160,0.8172105468750002,0.7833153247889713,0.7451317948788028,0.6996856842689657,0.7251901919629005,0.7114029199505033,0.7205600868400943,0.7208355732404554,0.7364240532042975,0.7603217009059089
run-f856f0c1ae51,310190245,run-f856f0c1ae51/seed-310190245,165,0.8198509765625,0.791379372647659,0.7450860350805256,0.7020153015965378,0.7250829438532513,0.710672578209448,0.722195767532873,0.7224497621229778,0.7388010109455965,0.7647824330223202
run-f856f0c1ae51,310190245,run-f856f0c1ae51/seed-310190245,170,0.8197146484375,0.7994434205063468,0.7451272358335338,0.7003443159187152,0.7233371095267811,0.7094553419743556,0.7202010256657639,0.7204818300464034,0.736871310044389,0.7644593593540534
run-f856f0c1ae51,310190245,run-f856f0c1ae51/seed-310190245,175,0.8182785156249999,0.8075074683650344,0.745136282169542,0.6990113864302766,0.7202278529061344,0.707507763998208,0.7159641574029524,0.7162722875881685,0.7345624382115409,0.7619553404697524
run-f856f0c1ae51,310190245,run-f856f0c1ae51/seed-310190245,180,0.8221343750000001,0.8155715162237221,0.7451172976474965,0.704345584547621,0.7231116422891553,0.7114029199505033,0.7186945645380992,0.7189848054432699,0.740746783309887,0.768935018831287
run-f856f0c1ae51,310190245,run-f856f0c1ae51/seed-310190245,185,0.8211074218749999,0.8236355640824099,0.7451057062297475,0.7031108067996452,0.7198869956586813,0.709698789221374,0.7098168629978124,0.710132544892148,0.7346419443089492,0.7639837167778132
run-f856f0c1ae51,310190245,run-f856f0c1ae51/seed-310190245,190,0.8236429687500002,0.8316996119410975,0.7450597964938909,0.7048341683585818,0.7175018753628403,0.7084815529862818,0.709962395690469,0.710221656593925,0.7352517156419064,0.7690986077361159
run-f856f0c1ae51,310190245,run-f856f0c1ae51/seed-310190245,195,0.821962890625,0.8397636597997853,0.7451331505618671,0.7050830541267231,0.7140660162963639,0.7104291309624295,0.7055579635679347,0.7058849158745687,0.7322660763062304,0.7689309656120106
run-f856f0c1ae51,310190245,run-f856f0c1ae51/seed-310190245,200,0.8199945312499999,0.847827707658473,0.7451114576736689,0.7021637215232969,0.7062062612325517,0.709698789221374,0.7012031054034445,0.7015356446001689,0.7288284815486064,0.7655192567740151
run-f856f0c1ae51,2722409734,run-f856f0c1ae51/seed-2722409734,5,0.0,0.5092398436124943,-0.25501256179226106,-0.0023199759094758576,0.02635205480639835,-0.174420503448094,0.03533877727786616,0.0351776089487823,-0.30533628771164834,-0.18957274799475932
run-f856f0c1ae51,2722409734,run-f856f0c1ae51/seed-2722409734,10,0.0,0.5190666118805818,-0.06070509352777165,0.03323494520126513,0.04109631265621061,0.36447259124064585,-0.04623167300127484,-0.04650034180127427,-0.1136715224574868,-0.1194854280652553
run-f856f0c1ae51,2722409734,run-f856f0c1ae51/seed-2722409734,15,0.08030703124999983,0.5288933801486692,0.12457459336634791,0.18325445945126817,0.20743394945079907,0.42852446117557325,0.182734857306044,0.18254234225077226,0.27612170406700476,0.14642116787921255
run-f856f0c1ae51,2722409734,run-f856f0c1ae51/seed-2722409734,20,0.2696714843749999,0.5387201484167565,0.42097028239849615,0.37222951315959557,0.3442213063579113,0.5594021009244998,0.3579684215455301,0.35852280449571644,0.5361175886680802,0.37721166824288543
run-f856f0c1ae51,2722409734,run-f856f0c1ae51/seed-2722409734,25,0.4986531249999999,0.548546916684844,0.6391873978435061,0.5840996965468794,0.6218626783082445,0.6400973701338574,0.5910218755926275,0.5910079149576131,0.75005621031114,0.6637390197849571
run-f856f0c1ae51,2722409734,run-f856f0c1ae51/seed-2722409734,30,0.493846875,0.5583736849529314,0.742689875903598,0.5946260800372777,0.602477724931439,0.7172622213153053,0.5472849002310747,0.5469616557178338,0.6674386631730793,0.5978378613364818
run-f856f0c1ae51,2722409734,run-f856f0c1ae51/seed-2722409734,35,0.5337611328125,0.5682004532210188,0.7509608936757641,0.637713235087701,0.6351187130267111,0.7384447294827614,0.5795500037856514,0.5792363400246996,0.6977036793530192,0.6312014688248989
run-f856f0c1ae51,2722409734,run-f856f0c1ae51/seed-2722409734,40,0.5515804687499999,0.5780272214891062,0.7525068878660357,0.6366009275155591,0.6252598102616994,0.736679520468807,0.5624106848725217,0.562084670819983,0.6863413923221704,0.6308749289398878
run-f856f0c1ae51,2722409734,run-f856f0c1ae51/seed-2722409734,45,0.5702652343749999,0.5878539897571936,0.7536841878682989,0.6482185104300388,0.6359785424620426,0.746262083687418,0.5773683204988523,0.577065573077416,0.6857949489801525,0.6421387444685425
run-f856f0c1ae51,2722409734,run-f856f0c1ae51/seed-2722409734,50,0.5896751953124999,0.5976807580252811,0.7531428621434365,0.6538439152555376,0.6349005386734724,0.7437403565246256,0.5780167237264853,0.5776958613163811,0.6928394835079557,0.6525934383884615
run-f856f0c1ae51,2722409734,run-f856f0c1ae51/seed-2722409734,55,0.6086400390624997,0.6075075262933685,0.754800112524285,0.6607139736503057,0.6398872724273852,0.743236011092067,0.5863694847572655,0.5860535353399109,0.7037559992415631,0.6666745934400841
run-f856f0c1ae51,2722409734,run-f856f0c1ae51/seed-2722409734,60,0.624205859375,0.6173342945614558,0.7544515410824876,0.6701009179782793,0.649985193458968,0.743236011092067,0.5979716220195151,0.5976324082005253,0.710707072950398,0.6792889301326449
run-f856f0c1ae51,2722409734,run-f856f0c1ae51/seed-2722409734,65,0.6319789062500001,0.6271610628295433,0.7546663856746305,0.6770181999545654,0.6596051455693744,0.7460099109711387,0.6049668640444361,0.6046244489475258,0.7200152982918083,0.6869038602432975
run-f856f0c1ae51,2722409734,run-f856f0c1ae51/seed-2722409734,70,0.6442986328124998,0.6369878310976307,0.7547151144881744,0.6801592628725375,0.664806933046381,0.7455055655385803,0.615630507351073,0.615281148892026,0.7253338414888649,0.6967539304008059
run-f856f0c1ae51,2722409734,run-f856f0c1ae51/seed-2722409734,75,0.6534906249999999,0.6468145993657181,0.7548442548524894,0.6816440600357662,0.6636392866053531,0.7477751199850935,0.6192206611152458,0.6188592009572492,0.7285339825404978,0.7044401427795107
run-f856f0c1ae51,2722409734,run-f856f0c1ae51/seed-2722409734,80,0.6616488281250001,0.6566413676338055,0.754900294418722,0.6859599591585878,0.6705662961201379,0.7457577382548595,0.6254552931174591,0.6250930699107209,0.7348867074255977,0.7127130670577887
run-f856f0c1ae51,2722409734,run-f856f0c1ae51/seed-2722409734,85,0.6679201171874998,0.6664681359018929,0.7545740780361946,0.6863542029211501,0.6711097028927809,0.743236011092067,0.6312490858490893,0.6308654426437286,0.7334500602520173,0.716972490618916
run-f856f0c1ae51,2722409734,run-f856f0c1ae51/seed-2722409734,90,0.6723105468749999,0.6762949041699804,0.7549789296906516,0.6865722941492122,0.6773329417040651,0.7465142564036972,0.6320810783270404,0.6317207096749857,0.7388926063545511,0.7167670818763
run-f856f0c1ae51,2722409734,run-f856f0c1ae51/seed-2722409734,95,0.6813136718749999,0.6861216724380678,0.7549674526754998,0.6918659886245041,0.6834244229726348,0.7444968746734635,0.6397657759235511,0.6393981732714887,0.7447568751504241,0.7273227848793253
run-f856f0c1ae51,2722409734,run-f856f0c1ae51/seed-2722409734,100,0.6866175781249999,0.6959484407061551,0.7550510080247504,0.6966126944379117,0.6893432133238122,0.7472707745525351,0.644765523282017,0.6443980225106897,0.7530690205829351,0.7332609958011631
run-f856f0c1ae51,2722409734,run-f856f0c1ae51/seed-2722409734,105,0.68702421875,0.7057752089742426,0.7550207250048089,0.6921190557226645,0.687132585809702,0.7472707745525351,0.6455609846019428,0.6451949129569858,0.7491124634300431,0.7314289082776552
run-f856f0c1ae51,2722409734,run-f856f0c1ae51/seed-2722409734,110,0.6958412109375001,0.71560197724233,0.7550409106662404,0.6974302432565165,0.6945349122290634,0.7505490198641651,0.6567394750490274,0.6563584353060461,0.7580710006429231,0.7450557775241835
run-f856f0c1ae51,2722409734,run-f856f0c1ae51/seed-2722409734,115,0.6972240234374998,0.7254287455104174,0.7550486414347325,0.7016153117619435,0.7018529915754852,0.7480272927013727,0.659883616086154,0.6595224970189737,0.7648715385934076,0.7475873689524841
run-f856f0c1ae51,2722409734,run-f856f0c1ae51/seed-2722409734,120,0.699254296875,0.7352555137785048,0.7551053049561681,0.7013608527613547,0.703662864235862,0.7505490198641651,0.6614679022227243,0.6611029128621718,0.7684162123103808,0.7496060634304492
run-f856f0c1ae51,2722409734,run-f856f0c1ae51/seed-2722409734,125,0.7011349609374999,0.7450822820465922,0.7551343788663851,0.6993520089010743,0.704426430900135,0.7495403289990483,0.6653880136208254,0.6650148665477531,0.7668694361186796,0.7497961846061431
run-f856f0c1ae51,2722409734,run-f856f0c1ae51/seed-2722409734,130,0.7021158203124997,0.7549090503146797,0.7551628629685139,0.7005279683670989,0.7066856339905693,0.7510533652967236,0.6657478467162192,0.665386873510777,0.7735827998263853,0.7521970471110515
run-f856f0c1ae51,2722409734,run-f856f0c1ae51/seed-2722409734,135,0.7073183593749999,0.7647358185827671,0.7551124960367394,0.7027934078872162,0.7106385919046063,0.7487838108502104,0.6744219957437516,0.6740473667709902,0.7763964736636019,0.7579929493778208
run-f856f0c1ae51,2722409734,run-f856f0c1ae51/seed-2722409734,140,0.7062869140624999,0.7745625868508544,0.7551224760499149,0.7034370546261082,0.7129373405320686,0.7480272927013727,0.6761950722710599,0.6758258323087374,0.7807004747789245,0.761720947715086
run-f856f0c1ae51,2722409734,run-f856f0c1ae51/seed-2722409734,145,0.7079033203125,0.7843893551189419,0.7551345985272925,0.7027468873338176,0.7139081489440335,0.7492881562827688,0.6765835980791098,0.6762319393935377,0.7798307270534126,0.7571535388433687
run-f856f0c1ae51,2722409734,run-f856f0c1ae51/seed-2722409734,150,0.7093583984374998,0.7942161233870293,0.7551357560075856,0.702713216394086,0.7145863745659766,0.7492881562827688,0.6797964960675175,0.6794360941054673,0.7832886596907296,0.7604652578733935
run-f856f0c1ae51,2722409734,run-f856f0c1ae51/seed-2722409734,155,0.7125650390625,0.8040428916551167,0.7551655722874026,0.7050429000510453,0.717599382273622,0.7490359835664896,0.6829906957279944,0.6826267838960989,0.7908294825420098,0.7652648783949723
run-f856f0c1ae51,2722409734,run-f856f0c1ae51/seed-2722409734,160,0.7129513671874999,0.8138696599232041,0.7551548278945159,0.7040999113804784,0.7158805778929751,0.7497925017153275,0.6813237402660289,0.6809529175066161,0.7859282255391646,0.765455868769488
run-f856f0c1ae51,2722409734,run-f856f0c1ae51/seed-2722409734,165,0.7160828124999998,0.8236964281912915,0.7551522273055754,0.7032040399483356,0.7141455417865772,0.7497925017153275,0.6855220876071216,0.6851596624448262,0.7846510272916871,0.7653444333242841
run-f856f0c1ae51,2722409734,run-f856f0c1ae51/seed-2722409734,170,0.715694921875,0.833523196459379,0.7551651275573887,0.7073451892941167,0.7166728247137437,0.7495403289990483,0.6871570207173452,0.6867827667946224,0.793986677087751,0.7724573605871805
run-f856f0c1ae51,2722409734,run-f856f0c1ae51/seed-2722409734,175,0.7094542968749997,0.8433499647274664,0.7551673399508578,0.7048378862834433,0.7146132313052205,0.7477751199850935,0.6800812145237656,0.6797254109313449,0.7884601624207139,0.7636666515981521
run-f856f0c1ae51,2722409734,run-f856f0c1ae51/seed-2722409734,180,0.7135667968749999,0.8531767329955537,0.755169837406707,0.70564328336387,0.7119744579884408,0.7502968471478859,0.6856655732697925,0.6852925606109611,0.7919229504747964,0.770250024210628
run-f856f0c1ae51,2722409734,run-f856f0c1ae51/seed-2722409734,185,0.7152453125,0.8630035012636412,0.7551681798566925,0.7039214368031246,0.7066528628389293,0.7480272927013727,0.6853768449354787,0.6849972614381221,0.7889520337176361,0.7688568888945951
run-f856f0c1ae51,2722409734,run-f856f0c1ae51/seed-2722409734,190,0.7169230468749999,0.8728302695317286,0.7551291032943289,0.7057964003270374,0.7063085059944003,0.7475229472688143,0.6832352570682613,0.6828683830287409,0.7894786948861905,0.7681452884827712
run-f856f0c1ae51,2722409734,run-f856f0c1ae51/seed-2722409734,195,0.7131109374999998,0.882657037799816,0.7551806007911751,0.7051758268635882,0.7035171752825574,0.7492881562827688,0.6787499276188778,0.6783817399191685,0.7885541667231869,0.7664325758664057
run-f856f0c1ae51,2722409734,run-f856f0c1ae51/seed-2722409734,200,0.7128490234374998,0.8924838060679035,0.7551284922307623,0.7041024886012796,0.6972977707309381,0.7482794654176519,0.6779122513909305,0.6775371235669007,0.7839711536995166,0.7653317383276101
run-98357fef99fe,4292514521,run-98357fef99fe/seed-4292514521,5,0.0,0.5204955726604363,-0.03084525569461105,-0.03521701519633791,-0.011012575861183205,0.20769389987248016,0.10452385734539638,0.10477050424962153,0.04546953019319633,0.076061842688525
run-98357fef99fe,4292514521,run-98357fef99fe/seed-4292514521,10,0.0,0.5288061583454999,0.10439708923241486,-0.04111359661959835,-0.03578843685922428,0.5314782441433522,-0.028848384288322704,-0.028870840107637408,-0.14607835327169394,-0.02592231754296004
run-98357fef99fe,4292514521,run-98357fef99fe/seed-4292514521,15,0.5843416015625,0.5371167440305635,0.4498799736148069,0.28252866416949984,0.28144054749335495,0.49148135455695025,0.2755968005096355,0.27651121796145156,0.30095383792265884,0.288553982009665
run-98357fef99fe,4292514521,run-98357fef99fe/seed-4292514521,20,1.1755787109375002,0.5454273297156271,0.6209405623373179,0.5169714176695923,0.4715551464808877,0.5386205458552097,0.404359631896743,0.4042172214484227,0.5268109950533608,0.47904880621534884
run-98357fef99fe,4292514521,run-98357fef99fe/seed-4292514521,25,0.8505554687500001,0.5537379154006906,0.6934927521949413,0.6450990243755277,0.6232708801330002,0.6836092706059163,0.6539101099564316,0.6543600985599565,0.6902821774634151,0.6571247445919255
run-98357fef99fe,4292514521,run-98357fef99fe/seed-4292514521,30,0.74050703125,0.5620485010857542,0.7350161400551453,0.695641785901247,0.6735731600795393,0.7459853722228048,0.670136914904908,0.6703307839925632,0.6794086989385255,0.67877980326962
run-98357fef99fe,4292514521,run-98357fef99fe/seed-4292514521,35,0.7625544921875003,0.5703590867708178,0.7357081756373693,0.7182700096137625,0.6928928671618693,0.7509849834211051,0.6948831339655266,0.6950370704093687,0.7070411319593465,0.6991894566024877
run-98357fef99fe,4292514521,run-98357fef99fe/seed-4292514521,40,0.7786849609375,0.5786696724558814,0.7370212789447502,0.7265019018439005,0.7008087448171274,0.7552703644482196,0.6978711943411012,0.6980070782774869,0.7102411219161213,0.701550037628181
run-98357fef99fe,4292514521,run-98357fef99fe/seed-4292514521,45,0.7996630859375,0.586980258140945,0.7363710101229481,0.7133190966297852,0.69114590164258,0.7478899860126336,0.6997333238749404,0.7000130648777924,0.6981313619005162,0.704507160211005
run-98357fef99fe,4292514521,run-98357fef99fe/seed-4292514521,50,0.8090011718749999,0.5952908438260086,0.7371856766834194,0.7307972101970471,0.7079082745287413,0.7519372903160195,0.7100447436505293,0.7102127405218067,0.7154473675520273,0.7147321831489181
run-98357fef99fe,4292514521,run-98357fef99fe/seed-4292514521,55,0.8086367187499999,0.6036014295110721,0.7373922797287722,0.7322509850601336,0.7095802524323426,0.7526515204872052,0.7079826513838479,0.7081271319327077,0.7165131230688436,0.7135937327107783
run-98357fef99fe,4292514521,run-98357fef99fe/seed-4292514521,60,0.8219441406249999,0.6119120151961357,0.7374480536321512,0.7403475125969413,0.718555889288531,0.7509849834211051,0.7191394750350789,0.7193218443437192,0.723634316036563,0.7238436556069661
run-98357fef99fe,4292514521,run-98357fef99fe/seed-4292514521,65,0.8239238281249999,0.6202226008811993,0.737562667803004,0.7405629431352674,0.7197379010043451,0.7566988247905913,0.7174939179931427,0.7176427937943323,0.7236526672060986,0.7226523837846637
run-98357fef99fe,4292514521,run-98357fef99fe/seed-4292514521,70,0.8288210937500002,0.6285331865662629,0.7376237426766215,0.7442169339556566,0.724942509849874,0.7555084411719482,0.7222234229862541,0.7223686156577029,0.7287627734609486,0.727394848748168
run-98357fef99fe,4292514521,run-98357fef99fe/seed-4292514521,75,0.8425181640625001,0.6368437722513265,0.7375928576828679,0.7490290943619416,0.7310186876767334,0.7538419041058483,0.7317404596485575,0.7318912035510424,0.7378319857306599,0.7372558793620785
run-98357fef99fe,4292514521,run-98357fef99fe/seed-4292514521,80,0.8394794921875,0.6451543579363901,0.7376779326850338,0.7504550082884079,0.7349264620300672,0.7557465178956767,0.7359803310301489,0.7361565301094602,0.7406044223069038,0.7394605401214885
run-98357fef99fe,4292514521,run-98357fef99fe/seed-4292514521,85,0.8456068359375002,0.6534649436214537,0.7376781655349719,0.750713724998575,0.7369460470515771,0.758365361856691,0.7360359920108731,0.7362084585872626,0.7424677568678646,0.7411099043382043
run-98357fef99fe,4292514521,run-98357fef99fe/seed-4292514521,90,0.8514021484375003,0.6617755293065172,0.7376570436536696,0.7507489713185634,0.7378234950476551,0.7576511316855055,0.7376306072791775,0.7377848672361659,0.7463564167708469,0.744089294963935
run-98357fef99fe,4292514521,run-98357fef99fe/seed-4292514521,95,0.8525005859374999,0.6700861149915808,0.7377006360825858,0.7549323319836141,0.7441135018549321,0.7595557454753341,0.7426572880761145,0.7428030127216464,0.7514521248860324,0.7491533791696943
run-98357fef99fe,4292514521,run-98357fef99fe/seed-4292514521,100,0.859879296875,0.6783967006766444,0.7377222668771178,0.7587019066822793,0.7492601826967877,0.7588415153041485,0.7466481607955965,0.7467892747515301,0.7571072756337159,0.754111820797536
run-98357fef99fe,4292514521,run-98357fef99fe/seed-4292514521,105,0.8665074218750002,0.686707286361708,0.7376996487169154,0.7607038082489457,0.7537441546840956,0.7576511316855055,0.7596055824964782,0.7597825248077452,0.766342478550151,0.7652946443544902
run-98357fef99fe,4292514521,run-98357fef99fe/seed-4292514521,110,0.8626955078125,0.6950178720467716,0.7377305058268229,0.7608820630284296,0.7554241773003868,0.7586034385804199,0.7538478704174737,0.7539831510419528,0.7651628691329212,0.7620593016239958
run-98357fef99fe,4292514521,run-98357fef99fe/seed-4292514521,115,0.8672683593750001,0.7033284577318352,0.7377412368126827,0.7617909045661332,0.7591505506274937,0.758365361856691,0.7617690490697858,0.761940584519174,0.7707414653733105,0.7680227040747871
run-98357fef99fe,4292514521,run-98357fef99fe/seed-4292514521,120,0.8684125000000003,0.7116390434168987,0.7377187651417856,0.7584381829814439,0.7572948208466153,0.7597938221990627,0.7610945291604804,0.761268121937186,0.770766341399048,0.7684350774030183
run-98357fef99fe,4292514521,run-98357fef99fe/seed-4292514521,125,0.8675294921874999,0.7199496291019623,0.7377394145835146,0.7609385591293502,0.7609220640267191,0.7571749782380482,0.7643233020530281,0.7644954840542851,0.7759594993317825,0.7718506764935735
run-98357fef99fe,4292514521,run-98357fef99fe/seed-4292514521,130,0.8725431640624999,0.7282602147870259,0.7377329812119604,0.7613557050104215,0.7633229386152983,0.7593176687516056,0.7635713800150123,0.7637332301582391,0.7786968951195492,0.7722843368641317
run-98357fef99fe,4292514521,run-98357fef99fe/seed-4292514521,135,0.8733916015625001,0.7365708004720894,0.7377512880141606,0.7618116476948538,0.7665500390724098,0.76193651271262,0.7656611532761075,0.7658239147355216,0.7810194597851031,0.7741175709159753
run-98357fef99fe,4292514521,run-98357fef99fe/seed-4292514521,140,0.871391015625,0.744881386157153,0.7377553846929777,0.7637786025055224,0.7697103082916252,0.76193651271262,0.770718802571022,0.7708988072128439,0.784186172752559,0.7794113353640488
run-98357fef99fe,4292514521,run-98357fef99fe/seed-4292514521,145,0.8738150390624999,0.7531919718422166,0.7377708860630936,0.7637984127420662,0.7711563220675578,0.7616984359888914,0.7690034965538949,0.7691617270652579,0.7862267151320899,0.7788578950247346
run-98357fef99fe,4292514521,run-98357fef99fe/seed-4292514521,150,0.8708802734375003,0.7615025575272802,0.7377647472559616,0.762845493130197,0.7716758398396723,0.759079592027877,0.7689665684992923,0.7691281266325303,0.7884093675383451,0.7790726305128218
run-98357fef99fe,4292514521,run-98357fef99fe/seed-4292514521,155,0.8735677734375003,0.7698131432123437,0.7377597586905206,0.7646226530385559,0.7749442856287286,0.76193651271262,0.7685244356249906,0.7686908550717135,0.788452830299842,0.7789771368852775
run-98357fef99fe,4292514521,run-98357fef99fe/seed-4292514521,160,0.8772300781250002,0.7781237288974073,0.7377652459935699,0.7618677892375486,0.7729559597360837,0.7600318989227912,0.7656249705162967,0.7657968253524796,0.7882087048313322,0.7771464058072776
run-98357fef99fe,4292514521,run-98357fef99fe/seed-4292514521,165,0.8777800781250003,0.7864343145824709,0.7377698053327915,0.7669130656865404,0.7787979799020738,0.7600318989227912,0.7696863578201424,0.7698578630886913,0.7920887833742308,0.7812691474335881
run-98357fef99fe,4292514521,run-98357fef99fe/seed-4292514521,170,0.8706283203125,0.7947449002675345,0.7377710894433742,0.7629831787914186,0.7767105988461276,0.7600318989227912,0.7659550374639598,0.7661361620588952,0.7906571853283273,0.777971115159866
run-98357fef99fe,4292514521,run-98357fef99fe/seed-4292514521,175,0.8801832031250001,0.8030554859525981,0.737774085304948,0.765244005566261,0.7787726827225387,0.7614603592651629,0.7629372816592416,0.7630852281081784,0.7903828952691085,0.7765713441572321
run-98357fef99fe,4292514521,run-98357fef99fe/seed-4292514521,180,0.8749240234375,0.8113660716376617,0.7377759870889756,0.7645248383515879,0.7789587202491894,0.7605080523702483,0.7635085451152451,0.7636851762427501,0.7901746943691567,0.7777830290136442
run-98357fef99fe,4292514521,run-98357fef99fe/seed-4292514521,185,0.8778351562500002,0.8196766573227252,0.737772945899633,0.766129280614059,0.7813258849092164,0.7612222825414343,0.7623991199362783,0.7625760490334363,0.7904122536334567,0.776966276302934
run-98357fef99fe,4292514521,run-98357fef99fe/seed-4292514521,190,0.8757986328125003,0.8279872430077888,0.7377393046339411,0.7646785895369927,0.780615606341187,0.7612222825414343,0.757137477231185,0.7573135550183173,0.7878368302612069,0.7718837487554463
run-98357fef99fe,4292514521,run-98357fef99fe/seed-4292514521,195,0.8734234375000001,0.8362978286928524,0.7377422685810653,0.7645879796142877,0.780331636139364,0.7612222825414343,0.7512554176018335,0.7514207281957286,0.7852966776158121,0.7670447583165577
run-98357fef99fe,4292514521,run-98357fef99fe/seed-4292514521,200,0.8770123046875002,0.844608414377916,0.7377754668768413,0.7663716318833383,0.7821329442071547,0.7607461290939769,0.7520027900276055,0.7521788746911942,0.7860056343033925,0.7686703188578222
run-98357fef99fe,971400669,run-98357fef99fe/seed-971400669,5,0.0,0.5378086436932685,-0.0016730890354008654,-0.12755130833368034,-0.13531246544870035,0.19638250813061087,-0.09120724356833876,-0.09158140945311433,-0.1134048750243678,-0.08247576468983098
run-98357fef99fe,971400669,run-98357fef99fe/seed-971400669,10,0.0,0.5460073539589619,0.0545056168488095,0.08193727177458765,0.059744687556887666,0.44030244524167017,-0.06988683994504852,-0.07044848413541605,-0.07619542422810921,-0.0031203594107260813
run-98357fef99fe,971400669,run-98357fef99fe/seed-971400669,15,0.15180068359374999,0.5542060642246553,0.32676863374765575,0.18192237368672448,0.17047812385004402,0.5483276550036966,-0.10580108331525728,-0.10472235411232944,0.05478266373307983,0.09606798102703273
run-98357fef99fe,971400669,run-98357fef99fe/seed-971400669,20,0.6113012695312501,0.5624047744903488,0.6246258542633749,0.43485082706924527,0.4315198660578517,0.5828562608637051,0.40461241801908465,0.40495300747884205,0.6144347533298296,0.4886461508070188
run-98357fef99fe,971400669,run-98357fef99fe/seed-971400669,25,0.6942182617187498,0.5706034847560422,0.7050717033963464,0.6150774529680589,0.6071823938843794,0.6676979781197258,0.482443616578517,0.4832623223292119,0.6114071052951843,0.5479117272512574
run-98357fef99fe,971400669,run-98357fef99fe/seed-971400669,30,0.5945995117187499,0.5788021950217356,0.7409748831219473,0.6501367938879519,0.6402257577401693,0.7113520012427362,0.5817224670164264,0.5817646644653015,0.6463627614939594,0.609798964010332
run-98357fef99fe,971400669,run-98357fef99fe/seed-971400669,35,0.5739239257812501,0.587000905287429,0.7492961187466713,0.6635886017139159,0.6514311851326186,0.7350287595467421,0.5934440794147479,0.5933782632783255,0.6354290062132271,0.6127027726427622
run-98357fef99fe,971400669,run-98357fef99fe/seed-971400669,40,0.59929462890625,0.5951996155531223,0.7515947750476668,0.6782245588819383,0.6645299215946491,0.7387282530317429,0.6071030865749232,0.6070278265894509,0.6478609381023748,0.6263641389773035
run-98357fef99fe,971400669,run-98357fef99fe/seed-971400669,45,0.6170065429687499,0.6033983258188157,0.7518350541100338,0.6881761898161143,0.6743983584843434,0.7463738729007448,0.6196133667447177,0.6195354551302686,0.6515335559592301,0.6370771589611619
run-98357fef99fe,971400669,run-98357fef99fe/seed-971400669,50,0.6333915039062499,0.6115970360845091,0.7521682268195812,0.6936975113923916,0.6800945832715777,0.7439075439107441,0.6305646141995959,0.630401657520639,0.6573307167844297,0.6453609740639741
run-98357fef99fe,971400669,run-98357fef99fe/seed-971400669,55,0.6436014648437498,0.6197957463502025,0.7522935055337693,0.6966329729437516,0.6842131279824711,0.7416878478197438,0.6344242358809521,0.6342891798040164,0.6568109122151262,0.6478846072428096
run-98357fef99fe,971400669,run-98357fef99fe/seed-971400669,60,0.6537852539062501,0.6279944566158959,0.7524097555863064,0.7026338557306836,0.6907233639505003,0.7446474426077445,0.6423414268939283,0.6421619801411009,0.6622334969509891,0.6545545769794106
run-98357fef99fe,971400669,run-98357fef99fe/seed-971400669,65,0.6623032226562502,0.6361931668815893,0.7524124960331364,0.7055808666299714,0.6947550337538081,0.7453873413047446,0.6488110999712734,0.648609674166231,0.6656791828201258,0.6598200418727544
run-98357fef99fe,971400669,run-98357fef99fe/seed-971400669,70,0.67173525390625,0.6443918771472827,0.7525392663036911,0.7086082066525031,0.6986074418628013,0.7444008097087444,0.648951892090485,0.6487516743149748,0.6646529306581431,0.6614014219593395
run-98357fef99fe,971400669,run-98357fef99fe/seed-971400669,75,0.6762844726562498,0.6525905874129762,0.7525797042349386,0.7089705015444318,0.7002444894859768,0.7448940755067446,0.6537416486705995,0.653571856614816,0.6714770790104527,0.6659658136432559
run-98357fef99fe,971400669,run-98357fef99fe/seed-971400669,80,0.6850225585937502,0.6607892976786696,0.7525986181513491,0.7138127783180959,0.7068989359093838,0.7444008097087444,0.6621122749750908,0.6619114868337779,0.6764309017668105,0.6724503949396831
run-98357fef99fe,971400669,run-98357fef99fe/seed-971400669,85,0.6929006835937501,0.668988007944363,0.7524909059192143,0.7136033373617923,0.7083420804366213,0.7416878478197438,0.6637531565604136,0.6635739530171704,0.6820269390764739,0.6746319784191624
run-98357fef99fe,971400669,run-98357fef99fe/seed-971400669,90,0.6942090820312499,0.6771867182100564,0.7525897062523164,0.7163561030250459,0.7124719543199557,0.7399614175267433,0.666447337951417,0.6662622503144159,0.6876194715950112,0.6810137950286659
run-98357fef99fe,971400669,run-98357fef99fe/seed-971400669,95,0.6947491210937498,0.6853854284757498,0.7525585884197115,0.7149510855531072,0.7125256690341503,0.7424277465167439,0.6653414013242793,0.6651791818861378,0.6883950949512833,0.6804814480819059
run-98357fef99fe,971400669,run-98357fef99fe/seed-971400669,100,0.70275712890625,0.6935841387414432,0.7526857089781218,0.7193174128056941,0.7182971179814431,0.7416878478197438,0.678685907492208,0.6784983998332502,0.6990080180702714,0.6895158401415139
run-98357fef99fe,971400669,run-98357fef99fe/seed-971400669,105,0.7063618164062502,0.7017828490071365,0.7526484723460555,0.7221345783849329,0.7228052865253269,0.7451407084057445,0.6798346315680298,0.679633221928864,0.7033430299430258,0.6946366798313771
run-98357fef99fe,971400669,run-98357fef99fe/seed-971400669,110,0.70943017578125,0.7099815592728299,0.7527074446056403,0.7257944957205239,0.728275978504483,0.7446474426077445,0.6842618168376958,0.684055433813262,0.7043499957690103,0.6973685072243322
run-98357fef99fe,971400669,run-98357fef99fe/seed-971400669,115,0.7153610351562498,0.7181802695385233,0.7527367144585075,0.7274806373076089,0.7311435596092862,0.7458806071027446,0.6879160829072386,0.6877102738959433,0.7118271497008124,0.7033110897256069
run-98357fef99fe,971400669,run-98357fef99fe/seed-971400669,120,0.71633876953125,0.7263789798042167,0.7527360533880041,0.7270062296188597,0.7321288422993432,0.7436609110117441,0.6866502487741769,0.6864755133850277,0.7146257117380341,0.703917237630106
run-98357fef99fe,971400669,run-98357fef99fe/seed-971400669,125,0.7181672851562502,0.7345776900699101,0.7527125940562426,0.728258354800314,0.7352377849323612,0.7451407084057445,0.6913478127217363,0.6912010773558759,0.7192964497032017,0.706874991815822
run-98357fef99fe,971400669,run-98357fef99fe/seed-971400669,130,0.71529677734375,0.7427764003356035,0.752704789242134,0.7252182984217637,0.7340126964652279,0.7463738729007448,0.690646198615716,0.6905260722929644,0.719260395581691,0.7050996337100353
run-98357fef99fe,971400669,run-98357fef99fe/seed-971400669,135,0.7171256835937501,0.750975110601297,0.752699521964589,0.7274441017427306,0.7377172978259359,0.7451407084057445,0.6930519245162201,0.6929474659884682,0.7247807820817269,0.708224056178918
run-98357fef99fe,971400669,run-98357fef99fe/seed-971400669,140,0.72254638671875,0.7591738208669904,0.7527613422929563,0.7306563355928138,0.7418854548171426,0.7483469360927453,0.6922914993115963,0.6921955299603517,0.7261659458363943,0.7117967443302264
run-98357fef99fe,971400669,run-98357fef99fe/seed-971400669,145,0.7230752929687501,0.7673725311326838,0.7527718249465928,0.7282111460117171,0.7409346144042812,0.7446474426077445,0.6928292406071702,0.6927302672960319,0.7283374004915567,0.7125412921966152
run-98357fef99fe,971400669,run-98357fef99fe/seed-971400669,150,0.7232409179687498,0.7755712413983772,0.7527715396451169,0.7302857347705751,0.7437335955016234,0.7453873413047446,0.6951458748756346,0.6950564807969984,0.7368696697672509,0.7160720239122867
run-98357fef99fe,971400669,run-98357fef99fe/seed-971400669,155,0.7240579101562499,0.7837699516640706,0.7527594754058133,0.7302378229233676,0.7449401018433587,0.7446474426077445,0.6957080608181366,0.6955994604003722,0.7336632012418157,0.7155604363440973
run-98357fef99fe,971400669,run-98357fef99fe/seed-971400669,160,0.7230727539062498,0.791968661929764,0.7527794520185705,0.7274832365580305,0.7433528858141166,0.7463738729007448,0.6910624111134126,0.6909911244947586,0.7343931737311714,0.7130565481223543
run-98357fef99fe,971400669,run-98357fef99fe/seed-971400669,165,0.7258545898437501,0.8001673721954574,0.7527788353992516,0.7302840142633121,0.7468441649034642,0.743167645213744,0.6932851602043778,0.6932050737308988,0.737973795860598,0.7155635494591521
run-98357fef99fe,971400669,run-98357fef99fe/seed-971400669,170,0.7259797851562502,0.8083660824611507,0.7527376822421842,0.7310011067433034,0.7479733224059884,0.7458806071027446,0.6857021831880754,0.6856972143337916,0.7359942531209103,0.7112585317556198
run-98357fef99fe,971400669,run-98357fef99fe/seed-971400669,175,0.7245733398437502,0.8165647927268441,0.7527924085371442,0.730484093991319,0.7479150816518908,0.7441541768097444,0.688230631047107,0.6882384304339927,0.738519418479746,0.7111682325966016
run-98357fef99fe,971400669,run-98357fef99fe/seed-971400669,180,0.7263637695312501,0.8247635029925375,0.7532289331659107,0.7310040260797263,0.7488189908962605,0.746620505799745,0.6818065248479779,0.6817732845378008,0.7367925427846886,0.7093659084121361
run-98357fef99fe,971400669,run-98357fef99fe/seed-971400669,185,0.7258553710937499,0.8329622132582309,0.7527944977428173,0.7318852602619457,0.7497284765270994,0.7458806071027446,0.6765037679764706,0.67652574271361,0.7356769919012637,0.7068479613682583
run-98357fef99fe,971400669,run-98357fef99fe/seed-971400669,190,0.7236250976562502,0.8411609235239244,0.7528003427605464,0.7325982701258766,0.7506307810572842,0.7446474426077445,0.6790468914861681,0.6790633837747491,0.7384425260567657,0.7060715884407777
run-98357fef99fe,971400669,run-98357fef99fe/seed-971400669,195,0.7266838867187502,0.8493596337896178,0.7527752275908577,0.7321192264780082,0.7497367629038657,0.7436609110117441,0.6741395347602215,0.6741751423513073,0.7364596736101978,0.7040880341072778
run-98357fef99fe,971400669,run-98357fef99fe/seed-971400669,200,0.72466083984375,0.8575583440553112,0.7528002245579599,0.7284520184940954,0.7461266069422421,0.7461272400017447,0.6696210668134229,0.6696705055441516,0.7307170523509653,0.6965800249857829
